Date,Value,% change
2004.12.30,1000,
2004.12.31,1000,0
2005.01.04,1005.64,0.564000000000009
2005.01.05,1012.32,0.664253609641619
2005.01.06,1018.94,0.653943417101321
2005.01.10,1020.36,0.139360511904529
2005.01.11,1022.19,0.179348465247564
2005.01.12,1022.56,0.0361967931597818
2005.01.13,1026.18,0.354013456423097
2005.01.17,1045.11,1.8447056072034
2005.01.18,1056.82,1.12045621991943
2005.01.19,1060.26,0.325504816335798
2005.01.20,1063.71,0.325391885009352
2005.01.24,1058.65,-0.475693563095203
2005.01.25,1064.04,0.509138997780179
2005.01.26,1062.43,-0.151310101124014
2005.01.27,1072.77,0.973240589968283
2005.01.31,1075.77,0.279649878352295
2005.02.01,1071.99,-0.351376223542199
2005.02.02,1080.98,0.838627226000233
2005.02.03,1089.6,0.797424559196269
2005.02.04,1089.6,0
2005.02.07,1100.06,0.959985315712197
2005.02.08,1116.81,1.52264421940622
2005.02.09,1118.21,0.125357043722762
2005.02.10,1115.25,-0.264708775632483
2005.02.14,1120.84,0.501232907419857
2005.02.15,1121.88,0.0927875521930188
2005.02.16,1128.11,0.55531785930758
2005.02.17,1138.26,0.899734954924614
2005.02.18,1138.26,0
2005.02.21,1156.81,1.62968038936622
2005.02.22,1213.6,4.90918992747296
2005.02.23,1307.37,7.72659854976927
2005.02.24,1409.4,7.80421762775649
2005.02.28,1502.75,6.62338583794522
2005.03.01,1629.37,8.42588587589419
2005.03.02,1663.33,2.08424114841932
2005.03.03,1676.09,0.767135805883368
2005.03.04,1676.09,0
2005.03.07,1568.75,-6.40419070574969
2005.03.08,1491.58,-4.919203187251
2005.03.09,1474.37,-1.15381005376849
2005.03.10,1521.49,3.19594131730843
2005.03.14,1609.09,5.75751401586602
2005.03.15,1703.33,5.85672647272681
2005.03.16,1777.26,4.34032160532605
2005.03.17,1825.12,2.69290930983648
2005.03.21,1861.43,1.98945822740424
2005.03.22,1887.03,1.37528674191347
2005.03.23,1923.56,1.93584627695373
2005.03.24,1933.78,0.531306535798204
2005.03.25,1933.78,0
2005.03.28,2000.73,3.46213116280032
2005.03.29,2019.66,0.946154653551456
2005.03.30,2107.93,4.37053761524215
2005.03.31,2197.22,4.23590916206895
2005.04.04,2266.86,3.16945958984536
2005.04.05,2359.96,4.10700263801029
2005.04.06,2428.8,2.9169985931965
2005.04.07,2345.41,-3.43338274044797
2005.04.11,2184.05,-6.87982058573979
2005.04.12,2139.15,-2.05581374052792
2005.04.13,2202.39,2.95631442395343
2005.04.14,2209.52,0.323739210584861
2005.04.18,2164.25,-2.04886129114016
2005.04.19,2157.18,-0.326672057294686
2005.04.20,2092.34,-3.00577605948505
2005.04.21,2106.8,0.691092269898785
2005.04.25,2088.23,-0.881431554964884
2005.04.26,2081.01,-0.345747355415826
2005.04.27,2048.07,-1.58288523361253
2005.04.28,2026.35,-1.06051062707819
2005.05.04,2010.07,-0.803415007279096
2005.05.05,1997.53,-0.623858870586591
2005.05.09,1982.21,-0.766947179767008
2005.05.10,1962.03,-1.01805560460294
2005.05.11,1937.06,-1.27266147816293
2005.05.12,1916.28,-1.07275974931081
2005.05.16,1859.92,-2.9411150771286
2005.05.17,1876.51,0.891973848337568
2005.05.18,1871.73,-0.254728192229192
2005.05.19,1862.9,-0.471756075929752
2005.05.23,1861.42,-0.0794460250147622
2005.05.24,1902.45,2.20423117834772
2005.05.25,1933.2,1.61633682882598
2005.05.26,1904.07,-1.50682805710739
2005.05.27,1904.07,0
2005.05.30,1882.52,-1.13178612130856
2005.05.31,1851.08,-1.67010177846716
2005.06.01,1855.36,0.231216370983423
2005.06.02,1892.3,1.99098827181787
2005.06.03,1892.3,0
2005.06.06,1887.04,-0.277968609628498
2005.06.07,1900.11,0.692619128370353
2005.06.08,1902.13,0.10630963470537
2005.06.09,1900.98,-0.0604585385856948
2005.06.10,1900.98,0
2005.06.13,1897.7,-0.17254258329914
2005.06.14,1891.23,-0.340939031459131
2005.06.15,1884.96,-0.331530273948699
2005.06.16,1893.42,0.448815889992371
2005.06.20,1861.68,-1.67633171721013
2005.06.21,1836.58,-1.34824459627864
2005.06.22,1826.39,-0.554835618377625
2005.06.23,1816.89,-0.520151774812605
2005.06.24,1816.89,0
2005.06.27,1841.23,1.33965182261997
2005.06.28,1838.88,-0.127632072038797
2005.06.29,1835.13,-0.20392847820413
2005.06.30,1834.28,-0.0463182444840449
2005.07.01,1834.28,0
2005.07.04,1839.43,0.280764114529952
2005.07.05,1821.55,-0.972040251599682
2005.07.06,1800.82,-1.13804177760698
2005.07.07,1816.87,0.891260647927061
2005.07.08,1816.87,0
2005.07.11,1826.27,0.517373284824996
2005.07.12,1843.85,0.962617794740095
2005.07.13,1846.41,0.138839927325995
2005.07.14,1867.45,1.13950855985399
2005.07.18,1891.45,1.28517497121743
2005.07.19,1895.7,0.224695339554315
2005.07.20,1881.3,-0.759613862953001
2005.07.21,1895.99,0.780843034072176
2005.07.25,1897.81,0.0959920674687087
2005.07.26,1886.79,-0.580669297769532
2005.07.27,1893.22,0.340790443027572
2005.07.28,1893.07,-0.00792300947591862
2005.08.03,1888.82,-0.224503055882774
2005.08.04,1880.92,-0.418250547961152
2005.08.08,1879.3,-0.0861280649894769
2005.08.09,1885.12,0.309689778108857
2005.08.10,1881.43,-0.195743507044632
2005.08.11,1889.8,0.444874377468207
2005.08.15,1899.19,0.496877976505461
2005.08.16,1894.64,-0.239575819165005
2005.08.17,1896.59,0.102921927120714
2005.08.18,1910.32,0.723930844304777
2005.08.22,1927.83,0.916600360149089
2005.08.23,1932.53,0.243797430271342
2005.08.24,1956.27,1.22844147309487
2005.08.25,1977.89,1.10516442004427
2005.08.29,2022.95,2.27818533892177
2005.08.30,2051.08,1.39054351318619
2005.08.31,2138.08,4.24166780427873
2005.09.01,2225.91,4.10789119209758
2005.09.05,2244.86,0.851337205906799
2005.09.06,2194.92,-2.2246376165997
2005.09.07,2141.25,-2.44519162429611
2005.09.12,2174.54,1.55469935785173
2005.09.13,2219.63,2.07354199048995
2005.09.14,2212.41,-0.325279438464976
2005.09.15,2207.65,-0.215149994802033
2005.09.16,2207.65,0
2005.09.19,2217.24,0.43439856861367
2005.09.20,2213.61,-0.163717053634227
2005.09.21,2260.92,2.13723284589427
2005.09.22,2300.06,1.73115368964845
2005.09.23,2300.06,0
2005.09.26,2405.6,4.5885759501926
2005.09.27,2475.8,2.91819088792817
2005.09.28,2551.76,3.0680992002585
2005.09.29,2577.15,0.99499952973634
2005.09.30,2577.15,0
2005.10.03,2540.84,-1.40892070698252
2005.10.04,2558.84,0.708427134333522
2005.10.05,2529.19,-1.15872817370372
2005.10.06,2475.14,-2.13704782954227
2005.10.07,2475.14,0
2005.10.10,2406.33,-2.7800447651446
2005.10.12,2438.63,1.34229303545232
2005.10.13,2499.2,2.4837716258719
2005.10.14,2499.2,0
2005.10.17,2527.29,1.12395966709347
2005.10.18,2512.77,-0.574528447467448
2005.10.19,2502.08,-0.425426919296235
2005.10.20,2498.6,-0.139084281877477
2005.10.24,2464.75,-1.35475866485232
2005.10.25,2443.52,-0.861344963992294
2005.10.26,2462.33,0.76979112100577
2005.10.27,2460.5,-0.0743198515227417
2005.10.31,2464.04,0.143873196504773
2005.11.01,2457.34,-0.271911170273198
2005.11.02,2446.17,-0.454556553020746
2005.11.03,2429.35,-0.687605522101908
2005.11.07,2426.42,-0.12060839319159
2005.11.08,2420.31,-0.251811310490357
2005.11.09,2418.95,-0.0561911490676859
2005.11.10,2423.22,0.176522871493834
2005.11.14,2424.91,0.0697419136520772
2005.11.15,2437.06,0.501049523487462
2005.11.16,2454.2,0.7033064430092
2005.11.17,2453.47,-0.0297449270638128
2005.11.21,2452.21,-0.0513558347972398
2005.11.22,2432.31,-0.811512880218257
2005.11.23,2430.79,-0.062492034321282
2005.11.24,2422.36,-0.346800834296668
2005.11.28,2414.68,-0.317046186363723
2005.11.29,2379.56,-1.45443702685242
2005.11.30,2332.64,-1.97179310460758
2005.12.01,2237.32,-4.08635708896357
2005.12.05,2196.47,-1.82584520765918
2005.12.06,2262.11,2.98843143771599
2005.12.07,2290.93,1.27403176680179
2005.12.08,2280.16,-0.470114756889128
2005.12.12,2296.1,0.699073749210588
2005.12.13,2269.16,-1.17329384608684
2005.12.14,2200.33,-3.03328103791711
2005.12.15,2132.82,-3.06817613721577
2005.12.19,2112.63,-0.946634033814386
2005.12.20,2122.81,0.481863837965002
2005.12.21,2173.64,2.39446771025198
2005.12.22,2226.62,2.43738613569864
2005.12.23,2226.62,0
2005.12.26,2258.98,1.45332387205721
2005.12.27,2269.17,0.45108854438729
2005.12.28,2248.3,-0.919719545031883
2005.12.29,2292.04,1.94546991059912
2006.01.04,2301.78,0.424948953770454
2006.01.05,2349.91,2.09099045086845
2006.01.06,2402.74,2.24817120655685
2006.01.09,2478.27,3.14349451043392
2006.01.10,2526.01,1.92634378013696
2006.01.11,2491.62,-1.3614356237703
2006.01.12,2514.05,0.900217529157743
2006.01.13,2500.71,-0.530617927248867
2006.01.16,2469.94,-1.23045055204322
2006.01.17,2467.16,-0.11255334137672
2006.01.18,2471.54,0.177532061155339
2006.01.19,2521.85,2.0355729626063
2006.01.20,2534.11,0.486151039911187
2006.01.23,2537.8,0.145613252779087
2006.01.24,2543.57,0.227362282291743
2006.01.25,2535.58,-0.314125422142908
2006.01.26,2508.22,-1.07904305918173
2006.01.27,2477.84,-1.21121751680473
2006.01.30,2480.16,0.0936299357504833
2006.01.31,2499.23,0.768902006322181
2006.02.01,2490.79,-0.33770401283596
2006.02.02,2488.22,-0.103180115545676
2006.02.03,2489.83,0.0647048894390379
2006.02.06,2490.35,0.0208849600173533
2006.02.07,2494.42,0.163430843054191
2006.02.08,2481.52,-0.517154288371646
2006.02.09,2498.39,0.679825268383882
2006.02.10,2512.64,0.570367316551868
2006.02.13,2501.16,-0.456889964340301
2006.02.14,2489.28,-0.474979609461201
2006.02.15,2490.55,0.0510187684792385
2006.02.16,2496.49,0.238501535805336
2006.02.17,2490.01,-0.259564428457537
2006.02.20,2486.63,-0.135742426737251
2006.02.21,2494.08,0.299602272955757
2006.02.22,2521.14,1.08496920708236
2006.02.23,2513.78,-0.291931427846115
2006.02.24,2503.15,-0.422869145271265
2006.02.27,2502.53,-0.0247687913229266
2006.02.28,2512.09,0.382013402436732
2006.03.01,2494.23,-0.710961788789422
2006.03.02,2500.9,0.267417198895048
2006.03.03,2494.26,-0.265504418409368
2006.03.06,2489.02,-0.210082349073482
2006.03.07,2489.81,0.0317393994423432
2006.03.08,2499.92,0.40605508050815
2006.03.09,2502.97,0.122003904124912
2006.03.10,2502.51,-0.0183781667378979
2006.03.13,2508.87,0.25414483858206
2006.03.14,2513.15,0.170594729898332
2006.03.15,2524.91,0.467938642739174
2006.03.16,2549,0.954093413230583
2006.03.17,2571.05,0.865045115731666
2006.03.20,2588.4,0.674821570953488
2006.03.21,2587.97,-0.0166125791995153
2006.03.22,2583.25,-0.182382330552511
2006.03.23,2585.65,0.0929062227813748
2006.03.24,2587.33,0.0649739910660641
2006.03.27,2586.07,-0.0486988517119924
2006.03.28,2571.25,-0.573070334523052
2006.03.29,2563.49,-0.30179873602334
2006.03.30,2584.84,0.832848967618372
2006.03.31,2592.55,0.298277649680445
2006.04.03,2584.61,-0.306262174307148
2006.04.04,2577.44,-0.277411292225904
2006.04.05,2561.77,-0.607967595753933
2006.04.06,2550.42,-0.443053045355357
2006.04.07,2537.11,-0.521874828459623
2006.04.10,2539.18,0.081588894450757
2006.04.11,2534.24,-0.194550996778486
2006.04.12,2529.87,-0.17243828524528
2006.04.13,2528.98,-0.035179673263841
2006.04.14,2562.92,1.34204303711378
2006.04.17,2580.23,0.675401495169581
2006.04.18,2578.36,-0.0724741592803668
2006.04.19,2587.1,0.338975162506383
2006.04.20,2594.06,0.269027095976182
2006.04.21,2585.18,-0.342320532293017
2006.04.25,2587.77,0.10018644736538
2006.04.26,2618.22,1.17668880928365
2006.04.27,2608.94,-0.354439275538332
2006.04.28,2617.76,0.33806833426604
2006.05.03,2627.71,0.380095959904647
2006.05.04,2602.9,-0.944168115964084
2006.05.05,2596.46,-0.247416343309392
2006.05.08,2570.92,-0.983646965483775
2006.05.09,2546.27,-0.958800740590915
2006.05.10,2522.58,-0.930380517384255
2006.05.11,2530.84,0.327442538987865
2006.05.12,2544.98,0.558707780815859
2006.05.15,2547.24,0.0888022695659574
2006.05.16,2630.22,3.25764356715503
2006.05.17,2705.84,2.87504467306918
2006.05.18,2716.87,0.40763681518492
2006.05.19,2695.03,-0.803866213694426
2006.05.22,2680.61,-0.535058978935299
2006.05.23,2636.79,-1.63470254904667
2006.05.24,2646.88,0.382662252208177
2006.05.25,2666.02,0.723115517137152
2006.05.26,2670.23,0.157913293973788
2006.05.29,2677.7,0.279751182482402
2006.05.30,2686.6,0.332374799268043
2006.05.31,2676.38,-0.38040646169879
2006.06.01,2677.82,0.0538040188613032
2006.06.02,2675.87,-0.0728204285575629
2006.06.05,2704.07,1.05386285581885
2006.06.06,2704.21,0.00517738076306618
2006.06.07,2718.86,0.541747867214459
2006.06.08,2782.86,2.35392774913015
2006.06.09,2825.6,1.53583004534903
2006.06.12,2800.48,-0.889014722536807
2006.06.13,2852.31,1.85075415643032
2006.06.14,2862.13,0.344282353601133
2006.06.15,2869.17,0.245970658216077
2006.06.16,2852.13,-0.593899978042434
2006.06.19,2820.74,-1.10058096931067
2006.06.20,2806.26,-0.513340470940238
2006.06.21,2819.53,0.472871366159944
2006.06.22,2840.5,0.743740978106278
2006.06.23,2878.52,1.33849674353106
2006.06.26,2867.02,-0.399510859747365
2006.06.27,2879.63,0.439829509386058
2006.06.28,2883.77,0.143768470254857
2006.06.29,2912.49,0.995918537192631
2006.06.30,2911.68,-0.0278112542875686
2006.07.03,2906.85,-0.165883613583906
2006.07.04,2908.8,0.0670829248155203
2006.07.06,2915.86,0.242711771177118
2006.07.07,2906.29,-0.328205057856001
2006.07.10,2912.72,0.221244266745568
2006.07.11,2924.23,0.395163283803468
2006.07.12,2944.08,0.678811174223637
2006.07.13,3002.49,1.98398141354854
2006.07.14,3015.01,0.416987233929178
2006.07.17,3027.48,0.413597301501478
2006.07.18,3027.18,-0.00990923144001954
2006.07.19,3054.84,0.913721681565027
2006.07.20,3113.72,1.9274331879902
2006.07.21,3170.52,1.82418457664788
2006.07.24,3240.54,2.20847053480187
2006.07.25,3257.06,0.509791577946883
2006.07.26,3240.62,-0.504749682228756
2006.07.27,3228.1,-0.386345822712941
2006.07.28,3251.57,0.727053065270611
2006.07.31,3321.26,2.1432723269067
2006.08.01,3418.25,2.9202772441784
2006.08.03,3502.22,2.45652014919915
2006.08.04,3521.26,0.543655167293911
2006.08.07,3605.54,2.39346143141943
2006.08.08,3674.44,1.91094815201052
2006.08.09,3738.68,1.74829361753084
2006.08.10,3755.23,0.442669605315249
2006.08.11,3744.44,-0.287332600133683
2006.08.14,3724.11,-0.542938329897125
2006.08.15,3686.79,-1.00211862700081
2006.08.16,3686.66,-0.00352610265298425
2006.08.17,3731.33,1.21166584388037
2006.08.18,3781.17,1.33571675515165
2006.08.21,3847.4,1.75157424818244
2006.08.22,4031.66,4.78920829651193
2006.08.23,4105.09,1.8213341402797
2006.08.24,4158.59,1.30326009904778
2006.08.25,4163.94,0.128649373946454
2006.08.28,4211.85,1.1505929480252
2006.08.29,4222.01,0.241224165153087
2006.08.30,4210.95,-0.26196053538482
2006.08.31,4221.08,0.240563293318607
2006.09.01,4196.96,-0.571417741431102
2006.09.04,4156.24,-0.970226068392366
2006.09.05,4149.81,-0.154707139144983
2006.09.06,4037.83,-2.69843679590152
2006.09.07,4022.81,-0.371981980420177
2006.09.11,4038.36,0.386545723014509
2006.09.12,4166.46,3.17207975514813
2006.09.13,4212.3,1.10021457064271
2006.09.14,4242.46,0.715998385680039
2006.09.15,4249.91,0.175605662752276
2006.09.18,4262.16,0.288241398053146
2006.09.19,4322.3,1.41102164160896
2006.09.20,4351.1,0.666311917266271
2006.09.21,4323.07,-0.644204913699997
2006.09.22,4324.33,0.0291459541483352
2006.09.25,4285.05,-0.908348807792181
2006.09.26,4212.53,-1.69239565465982
2006.09.27,4170,-1.00960705324353
2006.09.28,4195.47,0.610791366906471
2006.09.29,4231.17,0.850917775600824
2006.10.02,4257.47,0.621577483296587
2006.10.03,4235.21,-0.522845727626975
2006.10.04,4249.58,0.339298405509991
2006.10.05,4232.69,-0.397451042220653
2006.10.06,4253.75,0.497555927790616
2006.10.09,4244.3,-0.22215692036438
2006.10.10,4257.73,0.316424380934421
2006.10.12,4245.92,-0.277377851578176
2006.10.13,4253.22,0.171929758450462
2006.10.16,4246.03,-0.169048391571569
2006.10.17,4228.52,-0.41238521630792
2006.10.18,4228.81,0.00685819151855505
2006.10.19,4219.72,-0.214954088738917
2006.10.20,4231.02,0.267790279923785
2006.10.23,4214.76,-0.384304493951815
2006.10.24,4203.57,-0.265495544230288
2006.10.25,4220.76,0.408938116886382
2006.10.26,4256.1,0.837289966735844
2006.10.27,4313.62,1.3514720048871
2006.10.30,4289.33,-0.563100133994188
2006.10.31,4260.02,-0.683323502738176
2006.11.01,4257.9,-0.049765024577364
2006.11.02,4252.01,-0.138331102186506
2006.11.03,4253.42,0.033160787486386
2006.11.06,4125.88,-2.99852824315492
2006.11.07,3951.23,-4.23303634618555
2006.11.08,3835.12,-2.93857861982219
2006.11.09,3807.16,-0.729051502951672
2006.11.10,3837.95,0.808739322749763
2006.11.13,3936.64,2.57142484920336
2006.11.14,4019.56,2.10636481872866
2006.11.15,4104.94,2.12411308700453
2006.11.16,4155.99,1.24362353651941
2006.11.17,4093.8,-1.49639436091039
2006.11.20,4079.17,-0.357369680981001
2006.11.21,4058.74,-0.500837180112623
2006.11.22,4024.03,-0.855191512636921
2006.11.23,4006.54,-0.434638906767604
2006.11.24,4004.78,-0.0439281774298972
2006.11.27,3978.45,-0.657464330125512
2006.11.28,3943.67,-0.874209805326187
2006.11.29,3897.34,-1.17479403702643
2006.11.30,3806.2,-2.33851806616822
2006.12.01,3732.95,-1.92449161893752
2006.12.04,3730.01,-0.0787580867678273
2006.12.05,3830.93,2.70562277312929
2006.12.06,3837.18,0.163145763561334
2006.12.07,3818.13,-0.496458336590921
2006.12.08,3804.69,-0.352004777207693
2006.12.11,3784.57,-0.528821007756208
2006.12.12,3741.51,-1.13777787172651
2006.12.13,3698.38,-1.15274314381092
2006.12.14,3681.74,-0.449926724674055
2006.12.15,3673.15,-0.233313596288698
2006.12.18,3671.15,-0.0544491784980172
2006.12.19,3691.79,0.562221647167771
2006.12.20,3743.11,1.3901115718933
2006.12.21,3758.9,0.421841730539585
2006.12.22,3734.04,-0.6613636968262
2006.12.25,3694.21,-1.06667309402149
2006.12.26,3692.41,-0.0487248965272746
2006.12.27,3700.64,0.222889657432401
2006.12.28,3681.69,-0.512073587271389
2006.12.29,3702.54,0.566316012483403
2007.01.03,3817.02,3.09193148487255
2007.01.04,3802.38,-0.383545278777686
2007.01.05,3803.07,0.0181465292790284
2007.01.09,3834.8,0.834325952454207
2007.01.10,3857.53,0.592729738187137
2007.01.11,3911.84,1.40789572602158
2007.01.12,3980.04,1.74342508896068
2007.01.15,3981.33,0.0324117345554376
2007.01.16,3978.09,-0.0813798404050825
2007.01.17,4010.19,0.806919903772907
2007.01.18,4024.14,0.347863816926375
2007.01.19,3998.55,-0.635912269453842
2007.01.22,3997.2,-0.0337622388115744
2007.01.23,4015.81,0.465575903132187
2007.01.24,4028.32,0.311518722250304
2007.01.25,4015.43,-0.319984509671534
2007.01.26,4054.9,0.982958238594622
2007.01.29,4073.92,0.469062122370456
2007.01.30,4053.53,-0.500500746210031
2007.01.31,4019.11,-0.849136431702735
2007.02.01,4024.2,0.126644953733535
2007.02.02,4031.09,0.171214154366095
2007.02.05,4043.56,0.309345611236656
2007.02.06,4037.78,-0.142943346951685
2007.02.07,4045.48,0.19069884936771
2007.02.08,4056.78,0.279324085151833
2007.02.09,4075,0.449124675235035
2007.02.12,4100.03,0.614233128834352
2007.02.13,4153.52,1.30462460030782
2007.02.14,4205.82,1.25917294246807
2007.02.15,4256.31,1.20047933577758
2007.02.16,4264.73,0.197823936696317
2007.02.19,4294.23,0.691720226133885
2007.02.20,4341.98,1.11195720769497
2007.02.21,4399.48,1.32428062773204
2007.02.22,4429.84,0.690081555092892
2007.02.23,4445.91,0.362767052534618
2007.02.26,4456.32,0.234147789766315
2007.02.27,4481.89,0.57379182823496
2007.02.28,4536.71,1.22314470011535
2007.03.01,4639.81,2.27257197396351
2007.03.02,4695.64,1.20328203094524
2007.03.05,4847.77,3.23981395507322
2007.03.06,5006.17,3.26748174934042
2007.03.07,5027.72,0.430468801498951
2007.03.08,4998.94,-0.57242646766329
2007.03.09,4934.02,-1.29867531916764
2007.03.12,4878.28,-1.12970762177699
2007.03.13,4900.11,0.447493788794406
2007.03.14,4891.54,-0.174894032991091
2007.03.15,4914.27,0.464679834980397
2007.03.16,4922.33,0.164012152364434
2007.03.19,4914.53,-0.158461541587018
2007.03.20,4932.11,0.357714776387574
2007.03.21,4997.45,1.32478797107121
2007.03.22,5044.01,0.931675154328726
2007.03.23,5133.12,1.76664994716504
2007.03.26,5230.47,1.89650738731999
2007.03.27,5349.18,2.2695857160064
2007.03.28,5397.43,0.902007410481609
2007.03.29,5469.69,1.33878531078679
2007.03.30,5481.92,0.223595852781422
2007.04.02,5422.58,-1.08246745665752
2007.04.03,5373.35,-0.907870423304025
2007.04.04,5372.14,-0.0225185405752448
2007.04.05,5403.08,0.575934357630281
2007.04.10,5408.88,0.107346180326773
2007.04.11,5448.26,0.728062001745289
2007.04.12,5478.99,0.564033287691834
2007.04.13,5511.85,0.599745573545496
2007.04.16,5513.52,0.0302983571758952
2007.04.17,5561.48,0.869861721731291
2007.04.18,5677.57,2.08739400303517
2007.04.19,5803.74,2.2222535345227
2007.04.20,5916.16,1.93702681374424
2007.04.23,6010.27,1.59072776936393
2007.04.24,6164.26,2.56211451399022
2007.04.25,6393.24,3.71463890231754
2007.04.26,6642.44,3.89786712214777
2007.04.27,6886.08,3.66792925491235
2007.04.30,6827.71,-0.847652074910543
2007.05.02,6926.91,1.45290294989096
2007.05.03,7145.02,3.14873442848256
2007.05.04,7506.67,5.06156735740417
2007.05.07,7914.11,5.42770629320324
2007.05.08,8056.54,1.79969699688278
2007.05.09,7772.99,-3.51950092719704
2007.05.10,7399.58,-4.80394288426976
2007.05.11,7175.8,-3.02422569929645
2007.05.14,7207.02,0.435073441288769
2007.05.15,7458.69,3.49201195501052
2007.05.16,7635.28,2.36757393054277
2007.05.17,7578.31,-0.74614159533114
2007.05.18,7565.54,-0.168507226545234
2007.05.21,7584.37,0.248891685193664
2007.05.22,7519.71,-0.852542795248645
2007.05.23,7486.57,-0.440708484768704
2007.05.28,7449.94,-0.489276130457605
2007.05.29,7397.42,-0.704972120580827
2007.05.30,7218.39,-2.42016811266631
2007.05.31,7127.34,-1.26136160556579
2007.06.01,7046.15,-1.13913465612697
2007.06.04,7082.13,0.510633466502997
2007.06.05,6944.22,-1.94729551702666
2007.06.06,6947.82,0.0518416755229456
2007.06.07,7002.21,0.782835479330202
2007.06.08,7121.23,1.69974907921926
2007.06.11,7219.52,1.38023908791038
2007.06.12,7141.22,-1.08455963831391
2007.06.13,7191.8,0.70828233831195
2007.06.14,7272.5,1.1221112934175
2007.06.15,7394.94,1.68360261258165
2007.06.18,7363.36,-0.427048765777682
2007.06.19,7286.96,-1.03756980508898
2007.06.20,7155,-1.81090605684675
2007.06.21,7011.13,-2.01076170510133
2007.06.22,6972.27,-0.554261581228699
2007.06.25,6793.98,-2.5571298873968
2007.06.26,6823.47,0.434060742009845
2007.06.27,6904.73,1.19088967929806
2007.06.28,6929.3,0.355843023550539
2007.06.29,6917.51,-0.170147056701253
2007.07.02,6975.4,0.836861818775825
2007.07.03,7013.56,0.547065401267322
2007.07.04,7042.7,0.415480868489038
2007.07.05,7128.34,1.21601090490864
2007.07.06,7154.65,0.369090138798089
2007.07.09,7233.48,1.10180092667007
2007.07.10,7201.1,-0.447640692999762
2007.07.11,7160.16,-0.5685242532391
2007.07.12,7221.64,0.858640030390379
2007.07.13,7297.81,1.05474656726172
2007.07.16,7290.07,-0.10605921502479
2007.07.17,7292.88,0.0385455832385695
2007.07.18,7339.35,0.637196827590758
2007.07.19,7433.29,1.27994985931996
2007.07.20,7516.86,1.12426664370688
2007.07.23,7569.58,0.701356683508814
2007.07.24,7605.02,0.468189780674755
2007.07.25,7694.7,1.17922109343565
2007.07.26,7777.66,1.07814469699923
2007.07.27,7852.42,0.961214555534706
2007.07.30,7929.86,0.98619279152159
2007.07.31,8021.55,1.1562625317471
2007.08.01,8054.69,0.413137111904804
2007.08.03,8185.37,1.62240880778777
2007.08.06,8255.13,0.852252250050989
2007.08.07,8236.8,-0.22204374734256
2007.08.08,8193.5,-0.525689588189582
2007.08.09,8262.09,0.837126990907433
2007.08.10,8323.2,0.739643359004805
2007.08.13,8418.59,1.14607362552863
2007.08.14,8616.55,2.35146265586041
2007.08.15,8985.89,4.28640233039905
2007.08.16,9297.64,3.46932802426916
2007.08.17,9134.01,-1.75990896614624
2007.08.20,8956.38,-1.94470993572375
2007.08.21,8843.47,-1.26066558140677
2007.08.22,8978.43,1.526097787407
2007.08.23,9160.58,2.02875112909495
2007.08.24,9297.13,1.4906261393929
2007.08.27,9401.13,1.11862477990519
2007.08.29,9591.39,2.0237992666839
2007.08.30,9887.1,3.08307763525413
2007.08.31,10057.77,1.72618867008527
2007.09.03,10014.82,-0.427033030184631
2007.09.04,9832.91,-1.81640808322067
2007.09.05,9706.56,-1.28497057330943
2007.09.06,9673.14,-0.344303234101473
2007.09.07,9840.3,1.72808415881502
2007.09.10,9774.19,-0.671829110901079
2007.09.11,9807.77,0.343557880499557
2007.09.12,9751.22,-0.57658366784703
2007.09.13,9767.21,0.163979481541787
2007.09.14,9686.28,-0.8285887167369
2007.09.17,9699.5,0.136481704018454
2007.09.18,9532.66,-1.72008866436414
2007.09.19,9366.24,-1.74578763954657
2007.09.20,9259.56,-1.13898426689899
2007.09.21,9426.38,1.8015974841137
2007.09.24,9435.2,0.0935672018314682
2007.09.25,9415.06,-0.21345599457353
2007.09.26,9413.67,-0.0147635809012336
2007.09.27,9351.24,-0.663184496588476
2007.09.28,9283,-0.729742793469101
2007.10.01,9219.51,-0.68393838198858
2007.10.02,9054.43,-1.79055069087186
2007.10.03,9005.09,-0.54492662707647
2007.10.04,9041.05,0.399329712418184
2007.10.05,9089.44,0.535225443947351
2007.10.08,9266.12,1.94379411712933
2007.10.09,9375.27,1.17794718825139
2007.10.10,9438.18,0.671020674604561
2007.10.15,9402.23,-0.380899707358839
2007.10.16,9394.02,-0.0873197103240297
2007.10.17,9416.65,0.240897932940309
2007.10.18,9364.07,-0.558372669686136
2007.10.19,9312.17,-0.554246177143059
2007.10.22,9131.57,-1.93939758402177
2007.10.24,9009.08,-1.34139036332197
2007.10.25,8844.05,-1.83181856526972
2007.10.26,8791.34,-0.595993916814119
2007.10.29,8759.28,-0.364677057194918
2007.10.30,8600.33,-1.81464686595246
2007.10.31,8258.54,-3.97414982913445
2007.11.01,7733.64,-6.35584497986328
2007.11.02,7940.21,2.67105787184301
2007.11.05,8487.14,6.88810497455357
2007.11.06,8489.28,0.0252146188233215
2007.11.07,8307.97,-2.13575238418336
2007.11.08,8230.87,-0.928024535476157
2007.11.09,8438.63,2.52415601266935
2007.11.12,8429.87,-0.103808319596888
2007.11.13,8310.29,-1.41852721334967
2007.11.14,8150.52,-1.92255625254956
2007.11.15,7894.94,-3.13575084779868
2007.11.16,7662.65,-2.94226428573238
2007.11.19,7549.41,-1.47781772624352
2007.11.20,7581.91,0.430497217663373
2007.11.21,7649.41,0.890276988252303
2007.11.22,7725,0.98818078779932
2007.11.23,7631.07,-1.21592233009709
2007.11.26,7561.12,-0.916647337791421
2007.11.27,7364.15,-2.60503734896418
2007.11.28,7135.03,-3.11128915081849
2007.11.29,6735.19,-5.60390075444672
2007.11.30,6566.52,-2.50430945526405
2007.12.03,6541.57,-0.379957724944124
2007.12.04,6978.75,6.68310512613946
2007.12.05,7200.01,3.17048181981014
2007.12.06,7325.31,1.74027536072867
2007.12.07,7409.79,1.15326177322188
2007.12.10,7344.85,-0.876408103333559
2007.12.11,7141.21,-2.77255491943335
2007.12.12,7225.84,1.18509328251095
2007.12.13,7238.02,0.168561717392035
2007.12.14,7281.74,0.604032594549331
2007.12.17,7293.64,0.163422478693276
2007.12.18,7369.49,1.03994713202187
2007.12.19,7305.12,-0.873466142161805
2007.12.20,7371.73,0.911826225989443
2007.12.21,7405,0.451318754213736
2007.12.24,7433.91,0.390411883862263
2007.12.25,7482.21,0.649725380048993
2007.12.26,7561.91,1.06519330518657
2007.12.27,7691.63,1.71543961776852
2007.12.28,7740.79,0.639136307908728
2008.01.02,7690.36,-0.651483892470928
2008.01.03,7604.03,-1.1225742357965
2008.01.04,7597.38,-0.0874536265638048
2008.01.08,7709.24,1.47234967844176
2008.01.09,7644.24,-0.843144071270319
2008.01.10,7565.23,-1.03358868899982
2008.01.11,7525.41,-0.526355444580007
2008.01.14,7508.42,-0.225768429892859
2008.01.15,7502.45,-0.0795107359471081
2008.01.16,7472.79,-0.395337523075789
2008.01.17,7458.63,-0.189487460506721
2008.01.18,7459.35,0.0096532473121691
2008.01.21,7426.18,-0.444676815003986
2008.01.22,7227.59,-2.67418780584365
2008.01.23,6985.78,-3.34565187012545
2008.01.24,7027.72,0.600362450578174
2008.01.25,7102.87,1.06933685462709
2008.01.28,7138.94,0.507822894125898
2008.01.29,7064.81,-1.03838945277589
2008.01.30,7083.93,0.270637143815611
2008.01.31,7106.99,0.325525520438497
2008.02.01,7150.6,0.613621237682915
2008.02.04,7134,-0.232148351187322
2008.02.05,7142.41,0.117886178861792
2008.02.06,7124.97,-0.244175285372861
2008.02.07,7072.6,-0.735020638683392
2008.02.08,6946.76,-1.77926080932048
2008.02.11,6761.63,-2.66498338793912
2008.02.12,6738.69,-0.339267306847613
2008.02.13,6795.61,0.844674558408243
2008.02.14,6836.33,0.599210372578773
2008.02.15,6840.63,0.062899245647885
2008.02.18,6877.84,0.543955746766023
2008.02.19,6995.65,1.71289241971315
2008.02.20,7185.46,2.71325752431868
2008.02.21,7340.23,2.15393308152851
2008.02.22,7310.83,-0.400532408385024
2008.02.25,7135.35,-2.4002746610166
2008.02.26,7184.49,0.688683806680812
2008.02.27,7128.41,-0.780570367555666
2008.02.28,7063.06,-0.916754227099725
2008.02.29,7056.08,-0.0988240224491954
2008.03.03,6922.84,-1.88830058616115
2008.03.04,6901.4,-0.309699487493575
2008.03.05,7011.34,1.59301011388995
2008.03.06,7007.3,-0.0576209397918248
2008.03.07,6921.99,-1.21744466484952
2008.03.10,6831.81,-1.30280454031282
2008.03.11,6765.51,-0.970460244064164
2008.03.13,6582.1,-2.71095601070724
2008.03.14,6276.76,-4.63894501754759
2008.03.17,6144.18,-2.1122362492751
2008.03.18,5807.02,-5.487469442627
2008.03.19,5787.7,-0.33270076562506
2008.03.20,6141.64,6.11538262176685
2008.03.21,6489.84,5.6694954442136
2008.03.24,6741.43,3.87667492573007
2008.03.25,6834.86,1.38590773767582
2008.03.26,6538.96,-4.32927667867373
2008.03.27,6495.54,-0.664019966477847
2008.03.28,6534.18,0.594869710601431
2008.03.31,6707.4,2.65098298485806
2008.04.01,6743.74,0.541789665145953
2008.04.02,6706.02,-0.559333544887541
2008.04.03,6143.03,-8.39529258785391
2008.04.04,6245.01,1.6600928206439
2008.04.07,6290.43,0.727300676860399
2008.04.08,6271.86,-0.295210343331065
2008.04.09,6021.04,-3.99913263370036
2008.04.10,5989.08,-0.530805309381766
2008.04.11,5823.5,-2.76469841778704
2008.04.14,5562.22,-4.48664892246931
2008.04.15,5471.42,-1.63244172290921
2008.04.16,5516.03,0.815327648032871
2008.04.17,5760.03,4.42347122840159
2008.04.18,5692.42,-1.17377860879196
2008.04.21,5603.88,-1.55540174477639
2008.04.22,5632.52,0.511074469831629
2008.04.23,5752,2.12125300931021
2008.04.24,5750.46,-0.0267732962447864
2008.04.29,5763.54,0.227460064064444
2008.04.30,5815.12,0.894936098300692
2008.05.02,5857.15,0.722770983229926
2008.05.05,5865.96,0.150414450714087
2008.05.06,5918.82,0.901131272630562
2008.05.07,5899.21,-0.331316039345675
2008.05.08,5845.63,-0.908257207320984
2008.05.09,5824.36,-0.363861551278488
2008.05.12,5801.78,-0.387682080091201
2008.05.13,5791.13,-0.183564354387789
2008.05.14,5801.02,0.170778414575401
2008.05.15,5868.2,1.15807220109565
2008.05.16,5806.66,-1.04870317985072
2008.05.19,5797.27,-0.161710863043463
2008.05.20,5789.11,-0.140755907522006
2008.05.21,5791.51,0.0414571497173277
2008.05.22,5797.73,0.107398588623675
2008.05.23,5775.25,-0.387737959511736
2008.05.26,5750.02,-0.436864205012766
2008.05.27,5720.14,-0.519650366433511
2008.05.28,5709.8,-0.180764806455791
2008.05.29,5717.31,0.131528249675994
2008.05.30,5751.32,0.594860170254874
2008.06.02,5712.99,-0.666455700604385
2008.06.03,5677.21,-0.626292011713647
2008.06.04,5675.71,-0.0264214288356435
2008.06.05,5628.67,-0.828794987763648
2008.06.06,5595.16,-0.595344903858286
2008.06.09,5520.95,-1.32632489508789
2008.06.10,5431.98,-1.6114980211739
2008.06.11,5386.96,-0.828795393208359
2008.06.12,5358.34,-0.531282949938372
2008.06.16,5289.9,-1.27726124135461
2008.06.17,5260.77,-0.550672035388178
2008.06.18,5168.57,-1.75259515242067
2008.06.19,5104.24,-1.24463826551638
2008.06.20,5012.36,-1.80007209692334
2008.06.23,4898.23,-2.27697132687995
2008.06.24,4791.39,-2.18119606470091
2008.06.25,4697.72,-1.95496505189517
2008.06.26,4598.02,-2.12230613999983
2008.06.27,4710.18,2.43931083379367
2008.06.30,4885.99,3.73255374529211
2008.07.01,4983.98,2.00553009727813
2008.07.02,5014.47,0.611760079294066
2008.07.03,5049.85,0.705558114815719
2008.07.04,5154.02,2.06283354951138
2008.07.07,5508.76,6.88278275986511
2008.07.08,5564.69,1.01529200763872
2008.07.09,5339.78,-4.04173458000355
2008.07.10,5293.31,-0.870260572532944
2008.07.11,5263.66,-0.560141008178261
2008.07.14,5264.4,0.0140586588039504
2008.07.15,5271.34,0.131828888382346
2008.07.16,5278.1,0.12824063710557
2008.07.17,5293.31,0.288171880032584
2008.07.18,5288.3,-0.0946477723768324
2008.07.21,5259.86,-0.537790972524266
2008.07.22,5313.13,1.01276459829731
2008.07.23,5342.37,0.550334736774749
2008.07.24,5348.31,0.111186608190761
2008.07.25,5363.99,0.293176723114397
2008.07.28,5362.62,-0.0255406889274612
2008.07.29,5384.08,0.400177525164946
2008.07.30,5391.16,0.131498789022455
2008.07.31,5404.86,0.254119707076028
2008.08.01,5366.8,-0.704181051868125
2008.08.04,5364.5,-0.0428560781098653
2008.08.05,5354.08,-0.194239910522886
2008.08.06,5360.94,0.128126587574329
2008.08.07,5374.96,0.261521300368983
2008.08.08,5360.46,-0.269769449447066
2008.08.11,5342.73,-0.330755196382404
2008.08.12,5338.83,-0.0729963894862684
2008.08.13,5333.23,-0.104891895789905
2008.08.14,5294.61,-0.724139030193705
2008.08.15,5262.21,-0.611943089292688
2008.08.18,5221.13,-0.780660596973515
2008.08.19,5148.9,-1.38341699976826
2008.08.20,5120.91,-0.543611256773291
2008.08.21,5090.18,-0.600088656117748
2008.08.22,5066.12,-0.472674836646259
2008.08.25,5094.68,0.5637450356486
2008.08.26,5116.36,0.425541937864593
2008.08.27,5115.16,-0.0234541744521422
2008.08.29,5130.07,0.29148648331625
2008.09.01,5122.37,-0.15009541780131
2008.09.02,5109.98,-0.241880223412216
2008.09.03,5092.92,-0.333856492589002
2008.09.04,5106.22,0.26114684699543
2008.09.05,5103.64,-0.0505266126410553
2008.09.09,5086.75,-0.330940270081748
2008.09.10,5041.83,-0.883078586523811
2008.09.11,4999.41,-0.841361172431443
2008.09.12,4920.51,-1.57818622597465
2008.09.15,4749.43,-3.47687536454554
2008.09.16,4627.72,-2.5626233042702
2008.09.17,4482.83,-3.1309154400007
2008.09.18,4332.22,-3.35970804157195
2008.09.19,4588.35,5.91221129120867
2008.09.22,4651.89,1.38481153355781
2008.09.23,4516.27,-2.91537418124676
2008.09.24,4470.26,-1.01876105724414
2008.09.25,4454.92,-0.343156773878928
2008.09.26,4450.95,-0.0891149560485971
2008.09.29,4448.87,-0.0467315966254378
2008.10.01,4399.4,-1.11196775810487
2008.10.02,4357.84,-0.94467427376459
2008.10.03,4337.75,-0.461008205900171
2008.10.06,4255.39,-1.89868019134343
2008.10.07,3921.92,-7.83641452369819
2008.10.08,3622.78,-7.62738658616188
2008.10.09,3607.14,-0.43171266265134
2008.10.10,3537.98,-1.91730844935323
2008.10.13,3527.62,-0.292822458012765
2008.10.14,3618.6,2.57907597757128
2008.10.15,3780.54,4.47521140772675
2008.10.16,3611.74,-4.4649706126638
2008.10.17,3590.74,-0.581437202013435
2008.10.20,3559.33,-0.874750051521411
2008.10.21,3527.92,-0.88246945352074
2008.10.22,3472.92,-1.55899226739835
2008.10.24,3302.76,-4.89962337168722
2008.10.27,3017.15,-8.6476159333406
2008.10.28,2989.17,-0.927365228775501
2008.10.29,3045.7,1.8911604224584
2008.10.30,2957.21,-2.90540762386314
2008.10.31,3002.2,1.52136642308121
2008.11.03,3018.03,0.527279994670593
2008.11.04,2996.9,-0.700125578605915
2008.11.05,3049.28,1.74780606626848
2008.11.06,3037.43,-0.388616329100655
2008.11.07,3018.85,-0.611701339619342
2008.11.10,2989.98,-0.956324428176292
2008.11.11,2967.68,-0.745824386785199
2008.11.12,2848.17,-4.02705143411688
2008.11.13,2723.12,-4.39053848611565
2008.11.14,2701.24,-0.803490114280681
2008.11.17,2689.86,-0.421288001066167
2008.11.18,2526.43,-6.07578089566001
2008.11.20,2327.4,-7.87791468594024
2008.11.21,2279.89,-2.04133367706455
2008.11.24,2334.66,2.40230888332331
2008.11.25,2347.93,0.568391114766165
2008.11.26,2364.99,0.726597470963775
2008.11.27,2379.71,0.622412779758075
2008.11.28,2354.03,-1.07912308642649
2008.12.01,2416.3,2.64525091014134
2008.12.02,2418.75,0.101394694367407
2008.12.03,2400.8,-0.742118863049091
2008.12.04,2392.5,-0.345718093968683
2008.12.05,2384.11,-0.350679205851612
2008.12.09,2377.07,-0.295288388539117
2008.12.10,2395.23,0.763965722507121
2008.12.11,2392.01,-0.134433853951388
2008.12.12,2359.1,-1.37583036860215
2008.12.15,2344.82,-0.605315586452448
2008.12.16,2314.05,-1.31225424552844
2008.12.17,2310.58,-0.14995354465116
2008.12.18,2268.71,-1.81209912662621
2008.12.19,2253.29,-0.679681404851218
2008.12.22,2221.48,-1.41171353886983
2008.12.23,2160.33,-2.75266939157679
2008.12.24,2141.83,-0.856350650132154
2008.12.25,2084.38,-2.68228570894982
2008.12.26,2062.87,-1.03196154252104
2008.12.29,2037.26,-1.24147425673939
2008.12.30,2096.16,2.89113809724826
2009.01.02,2100.71,0.217063582932608
2009.01.05,2104.2,0.166134306972388
2009.01.08,2064.12,-1.9047619047619
2009.01.09,2091.66,1.33422475437475
2009.01.12,2104.42,0.610041784993753
2009.01.13,2168.52,3.04596991094932
2009.01.14,2186.47,0.827753490860128
2009.01.15,2169.09,-0.794888564672724
2009.01.16,2184.45,0.708131059568751
2009.01.20,2166.77,-0.809357046396109
2009.01.21,2166.64,-0.00599971385980558
2009.01.22,2170.06,0.157848096591962
2009.01.23,2178.98,0.41104854243661
2009.01.26,2205.16,1.20147959136843
2009.01.27,2225.94,0.942335250049897
2009.01.28,2236.35,0.467667592118382
2009.01.29,2226.89,-0.423010709414895
2009.01.30,2237.77,0.488573750836374
2009.02.02,2221.46,-0.728850596799491
2009.02.03,2224.48,0.135946629693984
2009.02.04,2196.22,-1.2704092641876
2009.02.05,2196.5,0.0127491781333422
2009.02.06,2215.18,0.850443888003638
2009.02.09,2204.74,-0.471293529194017
2009.02.10,2197.74,-0.317497754837304
2009.02.11,2183.75,-0.636563014733305
2009.02.12,2156.58,-1.24419004006869
2009.02.13,2150.57,-0.278681987220497
2009.02.16,2102.36,-2.24173126194451
2009.02.17,2077.15,-1.19912859833711
2009.02.18,2054.12,-1.10873071275547
2009.02.19,2000.68,-2.60160068545167
2009.02.20,1963.16,-1.87536237679189
2009.02.23,1952.52,-0.541983332993745
2009.02.24,1923.32,-1.49550324708582
2009.02.25,1926.85,0.183536800948358
2009.02.26,1926.4,-0.0233541791005987
2009.02.27,1931.9,0.285506644518274
2009.03.02,1890.49,-2.14348568766499
2009.03.03,1852.73,-1.9973657623156
2009.03.04,1813.38,-2.12389285001052
2009.03.05,1756.15,-3.15598495626951
2009.03.06,1709.26,-2.67004526948155
2009.03.09,1641.11,-3.98710553104853
2009.03.10,1598.5,-2.59641340312349
2009.03.11,1617.82,1.20863309352517
2009.03.12,1646.78,1.79006317142822
2009.03.13,1719.65,4.42499908913152
2009.03.16,1712.49,-0.416363794958285
2009.03.17,1708.71,-0.2207312159487
2009.03.18,1727.04,1.07273908387029
2009.03.19,1745.06,1.04340374282008
2009.03.20,1762.53,1.00111170962602
2009.03.23,1769.34,0.386376402103794
2009.03.24,1786.39,0.963636158115455
2009.03.25,1807.56,1.18507156891832
2009.03.26,1810.16,0.143840315120936
2009.03.27,1828.48,1.01206523180271
2009.03.30,1878.66,2.74435596779838
2009.03.31,1905.64,1.43613000755858
2009.04.01,1953.05,2.48787808820132
2009.04.02,1991.41,1.96410742172499
2009.04.03,1971.36,-1.00682431041323
2009.04.06,1983.99,0.64067445824203
2009.04.07,1944.21,-2.0050504286816
2009.04.08,1907.59,-1.8835413869901
2009.04.09,1914.2,0.346510518507648
2009.04.10,1890.54,-1.23602549367883
2009.04.13,1871.82,-0.990193278111018
2009.04.14,1864.36,-0.398542594907636
2009.04.15,1871.02,0.357227144972017
2009.04.16,1870.38,-0.034205941144394
2009.04.21,1874.69,0.230434457169126
2009.04.22,1826.47,-2.57215859688802
2009.04.23,1835.21,0.478518672630823
2009.04.24,1841.48,0.341650274355532
2009.04.27,1822.95,-1.00625583769577
2009.04.28,1833.55,0.581475081598493
2009.04.29,1829.81,-0.203975893758013
2009.04.30,1787.52,-2.3111689191774
2009.05.04,1789.33,0.101257608306482
2009.05.05,1790.23,0.0502981562931382
2009.05.06,1801.08,0.606067376817498
2009.05.07,1924.15,6.83312234881295
2009.05.08,1971.1,2.44003845854013
2009.05.11,1956.69,-0.731063872964333
2009.05.12,1981.38,1.26182481639912
2009.05.13,2014.06,1.64935549970222
2009.05.14,1999.32,-0.731855058935682
2009.05.15,1989.21,-0.505671928455675
2009.05.18,2000.31,0.558010466466574
2009.05.19,2027.88,1.37828636561335
2009.05.20,2105.92,3.84835394599286
2009.05.21,2192.99,4.13453502507217
2009.05.22,2167.2,-1.17601995449136
2009.05.26,2215.4,2.22406792174235
2009.05.27,2366.5,6.82043874695315
2009.05.28,2429.42,2.65877878723855
2009.05.29,2498.96,2.86241160441587
2009.06.01,2620.92,4.88043025898775
2009.06.02,2751.6,4.98603543793781
2009.06.03,2729.33,-0.809347288850126
2009.06.04,2594.36,-4.94516969366108
2009.06.08,2488.45,-4.08231702616446
2009.06.09,2444.64,-1.76053366553477
2009.06.10,2512.1,2.75950651220629
2009.06.11,2667.3,6.17809800565266
2009.06.12,2678.54,0.421399917519572
2009.06.15,2654.49,-0.897877201759179
2009.06.16,2577.35,-2.90601961205353
2009.06.17,2540.78,-1.41889925698876
2009.06.18,2549.07,0.326277757224158
2009.06.19,2568.99,0.781461474184697
2009.06.22,2569.35,0.0140132892693323
2009.06.23,2472.92,-3.75308930274193
2009.06.24,2486.58,0.552383417174829
2009.06.25,2492.26,0.228426191797571
2009.06.26,2535.25,1.72494041552647
2009.06.29,2545.72,0.412977023962124
2009.06.30,2532.43,-0.522052700218401
2009.07.01,2513.34,-0.75382142843039
2009.07.02,2488.12,-1.00344561420263
2009.07.03,2460.14,-1.12454383229105
2009.07.06,2396.88,-2.57139837570218
2009.07.07,2360.15,-1.5324087981042
2009.07.08,2330.39,-1.26093680486411
2009.07.09,2364.81,1.47700599470475
2009.07.10,2390.66,1.09311107446264
2009.07.13,2393.38,0.113776112036024
2009.07.14,2462.24,2.8771026748782
2009.07.15,2495.39,1.34633504451231
2009.07.16,2506.89,0.460849807044195
2009.07.17,2485.05,-0.871198975623166
2009.07.20,2467.17,-0.719502625701696
2009.07.21,2470.97,0.154022625112971
2009.07.22,2469.63,-0.0542297154558558
2009.07.23,2470.64,0.0408968145025668
2009.07.24,2471.19,0.0222614383317721
2009.07.27,2482.14,0.443106357665735
2009.07.28,2483.01,0.0350504000580232
2009.07.29,2445.76,-1.50019532744532
2009.07.30,2442.9,-0.116937066596889
2009.07.31,2435.36,-0.308649555855745
2009.08.04,2470.91,1.45974311806056
2009.08.05,2496.51,1.03605554229009
2009.08.06,2519.91,0.937308482641752
2009.08.07,2497.87,-0.874634411546438
2009.08.10,2512.4,0.581695604655175
2009.08.11,2482.46,-1.19168922146156
2009.08.12,2476.46,-0.241695737292846
2009.08.13,2512.33,1.44843849688667
2009.08.14,2540.94,1.13878351968093
2009.08.17,2536.62,-0.17001582091668
2009.08.18,2539.7,0.121421419053691
2009.08.19,2533.43,-0.246879552703072
2009.08.20,2530.84,-0.102232941111446
2009.08.21,2533.23,0.0944350492326551
2009.08.24,2593.64,2.38470253391914
2009.08.25,2635.16,1.60083897533967
2009.08.26,2655.9,0.787048983742933
2009.08.27,2645.47,-0.392710568922039
2009.08.31,2607.58,-1.43225967408437
2009.09.01,2605.62,-0.0751654791032341
2009.09.02,2592.41,-0.506981064007805
2009.09.03,2590.8,-0.0621043739223226
2009.09.04,2611.93,0.81557819978384
2009.09.07,2638.36,1.01189541833051
2009.09.09,2673.52,1.33264603769008
2009.09.10,2693.32,0.74059666656694
2009.09.11,2744.63,1.9050836885331
2009.09.14,2792.7,1.7514200456892
2009.09.15,2908.05,4.13041142979913
2009.09.16,3010.86,3.53535874555113
2009.09.17,2986.8,-0.799107231820806
2009.09.18,2944.31,-1.42259274139548
2009.09.22,2895.67,-1.65199995924342
2009.09.23,2876.25,-0.670656531994329
2009.09.24,2919.04,1.48770099956541
2009.09.25,2965.63,1.59607268142952
2009.09.28,3045.1,2.67970043464625
2009.09.29,3090.63,1.49518899215133
2009.09.30,3101.88,0.364003455606143
2009.10.01,3148.77,1.51166389415451
2009.10.02,3109.97,-1.23222718712387
2009.10.05,3109.09,-0.0282960928883469
2009.10.06,3178.29,2.22573164495077
2009.10.07,3269.21,2.8606577750929
2009.10.08,3364.72,2.92150091306462
2009.10.09,3499.43,4.00360208278847
2009.10.13,3654.18,4.42214874993927
2009.10.14,3836.52,4.98990197527216
2009.10.15,3922.29,2.23561978042601
2009.10.16,3539,-9.77209742267909
2009.10.19,3533.68,-0.150324950551006
2009.10.20,3741.88,5.89187475945756
2009.10.21,3701.7,-1.07379178380922
2009.10.22,3598.1,-2.79871410433044
2009.10.26,3641.77,1.2136961173953
2009.10.27,3540.05,-2.79314728826916
2009.10.28,3472.6,-1.90534032005198
2009.10.29,3371.04,-2.92460980245349
2009.10.30,3497.59,3.75403436328254
2009.11.02,3415.06,-2.35962477019891
2009.11.03,3384.41,-0.897495212382804
2009.11.04,3403.7,0.569966404779554
2009.11.05,3399.67,-0.118400564092014
2009.11.06,3467.15,1.98489853426951
2009.11.09,3451.33,-0.456282537530828
2009.11.10,3452.14,0.0234692133177727
2009.11.11,3438.06,-0.407862948779592
2009.11.12,3435.16,-0.0843498949989252
2009.11.16,3231.95,-5.91559054017863
2009.11.17,3213.62,-0.567149863085747
2009.11.18,3298.01,2.62601054262794
2009.11.19,3279.46,-0.562460392782316
2009.11.20,3219.98,-1.81371323327622
2009.11.21,3215.17,-0.149379809812478
2009.11.23,3167.98,-1.46772954462751
2009.11.24,3055.4,-3.55368405103568
2009.11.25,2935.92,-3.91045362309354
2009.11.26,2959.3,0.796343224611018
2009.11.27,3033.57,2.50971513533607
2009.11.30,2964.98,-2.26103238099006
2009.12.01,2978.88,0.468805860410537
2009.12.02,3102.47,4.14887474487053
2009.12.03,3030.38,-2.32363246058784
2009.12.04,3020.53,-0.325041743939702
2009.12.07,2970.72,-1.64904834582011
2009.12.09,2852.02,-3.99566435072979
2009.12.10,2793.95,-2.03610072860639
2009.12.11,2793.86,-0.00322124590632633
2009.12.14,2923.25,4.63122704788357
2009.12.15,2933.45,0.348926708287012
2009.12.16,2876.01,-1.95810393904786
2009.12.17,2841.99,-1.18288879384982
2009.12.18,2804.43,-1.32160915414903
2009.12.21,2757.59,-1.67021462471874
2009.12.22,2721.7,-1.30149877247888
2009.12.23,2728.4,0.246169673365926
2009.12.24,2771,1.56135464008209
2009.12.25,2764.36,-0.239624684229511
2009.12.28,2741.64,-0.821890057734886
2009.12.29,2732.07,-0.349061145883478
2009.12.30,2751.88,0.725091231191
2010.01.04,2716.38,-1.2900271814178
2010.01.05,2715.45,-0.0342367415457456
2010.01.08,2730,0.535822791802465
2010.01.11,2734.16,0.152380952380948
2010.01.12,2750.87,0.611156625800979
2010.01.13,2757.84,0.253374387012117
2010.01.14,2769.69,0.429684100600469
2010.01.15,2772.46,0.100011192588334
2010.01.18,2801.29,1.03987072852267
2010.01.20,2823.99,0.810340950062294
2010.01.21,2835.44,0.405454693536456
2010.01.22,2832.04,-0.119910842761617
2010.01.25,2808.24,-0.840383610400985
2010.01.26,2793.12,-0.538415520041014
2010.01.27,2772.28,-0.746119035343973
2010.01.28,2793.26,0.756777814650755
2010.01.29,2838.8,1.63035306416159
2010.02.01,2865.09,0.926095533323945
2010.02.02,2902.9,1.31967931199368
2010.02.03,2977.58,2.57259981397913
2010.02.04,2978.26,0.0228373377037849
2010.02.05,2901.7,-2.57062848777475
2010.02.08,2885.91,-0.544163766068162
2010.02.09,2875.42,-0.363490198932048
2010.02.10,2887.65,0.425329169303956
2010.02.11,2908.61,0.72584973940748
2010.02.12,2923.2,0.501614173092979
2010.02.15,2930.42,0.246989600437875
2010.02.16,2960.89,1.03978269326581
2010.02.17,2965.81,0.166166254065514
2010.02.18,2959.28,-0.220175938445133
2010.02.19,2954.81,-0.151050255467555
2010.02.22,2942.44,-0.418639438745638
2010.02.23,2928.45,-0.475455744212294
2010.02.24,2907.6,-0.711980740664853
2010.02.25,2895.93,-0.401361947998347
2010.02.26,2872.12,-0.822188381625244
2010.03.01,2849.49,-0.787919724802588
2010.03.02,2836.69,-0.449203190746406
2010.03.03,2833.49,-0.112807532723003
2010.03.04,2842.69,0.324687929020406
2010.03.05,2822.76,-0.701096496628184
2010.03.08,2844.75,0.779024784253712
2010.03.09,2841.5,-0.114245540029878
2010.03.10,2830.41,-0.390286820341379
2010.03.11,2822.13,-0.292537123596925
2010.03.12,2796.34,-0.913848759624825
2010.03.15,2760.88,-1.26808614117024
2010.03.16,2713.2,-1.72698559879459
2010.03.17,2669.65,-1.60511573050272
2010.03.18,2707.1,1.40280561122244
2010.03.19,2745.08,1.40297735584205
2010.03.22,2755.68,0.386145394669724
2010.03.23,2738.6,-0.619810718225622
2010.03.24,2745.99,0.269845906667632
2010.03.25,2740.03,-0.217043761994751
2010.03.26,2726.22,-0.504009080192569
2010.03.29,2722.78,-0.126182039600609
2010.03.31,2709.84,-0.475249561110336
2010.04.01,2730.69,0.769418120627052
2010.04.06,2748.96,0.66906166573284
2010.04.07,2716.96,-1.16407659624004
2010.04.08,2708.43,-0.313953830752023
2010.04.09,2734.85,0.975472875429673
2010.04.12,2736.65,0.0658171380514494
2010.04.13,2720.62,-0.585752653792049
2010.04.14,2720.69,0.00257294293213306
2010.04.15,2720.73,0.001470215276278
2010.04.16,2711.94,-0.323075057061895
2010.04.17,2711.96,0.000737479442758371
2010.04.19,2718.78,0.251478635378111
2010.04.20,2702.56,-0.596591118075029
2010.04.21,2705.82,0.120626369072285
2010.04.22,2698.29,-0.278289021442679
2010.04.23,2711.81,0.501058077523164
2010.04.26,2696.62,-0.560142487858661
2010.04.27,2690.52,-0.226209106214448
2010.04.28,2679.41,-0.41293132925978
2010.04.29,2662.86,-0.617673293747489
2010.04.30,2657.13,-0.21518217255132
2010.05.03,2651.2,-0.223173122880715
2010.05.04,2632.3,-0.712884731442354
2010.05.05,2571.96,-2.29229191201611
2010.05.06,2517.28,-2.1260050700633
2010.05.07,2454.59,-2.49038644886545
2010.05.10,2545.3,3.69552552564787
2010.05.11,2592.12,1.83946882489292
2010.05.12,2559.86,-1.24454114778636
2010.05.13,2535.2,-0.963333932324439
2010.05.14,2517.6,-0.694225307668028
2010.05.17,2455.87,-2.45193835398793
2010.05.18,2466.17,0.419403307178312
2010.05.19,2468.2,0.0823138713065053
2010.05.20,2469.7,0.0607730329794887
2010.05.25,2434.68,-1.41798599020124
2010.05.26,2437.15,0.101450703993966
2010.05.27,2448.11,0.449705598752637
2010.05.28,2467.54,0.793673486893964
2010.05.31,2462.21,-0.216004603775422
2010.06.01,2437.14,-1.0181909747747
2010.06.02,2402.97,-1.40205322632266
2010.06.03,2415.01,0.501046621472612
2010.06.04,2414.86,-0.00621115440516684
2010.06.07,2396.32,-0.767746370389999
2010.06.08,2359.44,-1.53902650731121
2010.06.09,2344.69,-0.625148340284132
2010.06.10,2299.99,-1.906435392312
2010.06.11,2292.67,-0.318262253314128
2010.06.14,2287.42,-0.228990652819638
2010.06.15,2287.83,0.0179241241223593
2010.06.16,2327.45,1.73177202851611
2010.06.17,2358.54,1.3357966873617
2010.06.18,2399.09,1.71928396380812
2010.06.21,2434.37,1.47055758641816
2010.06.22,2425.38,-0.369294725123948
2010.06.23,2388.16,-1.53460488665694
2010.06.24,2393.39,0.218997052123804
2010.06.25,2404.54,0.465866407062787
2010.06.28,2417.45,0.536901028887016
2010.06.29,2427.03,0.396285341992608
2010.06.30,2424.59,-0.100534398009089
2010.07.01,2425.47,0.0362947962335714
2010.07.02,2427.65,0.0898794872746356
2010.07.05,2404.39,-0.958128231005306
2010.07.06,2374.41,-1.24688590453296
2010.07.07,2367.64,-0.28512346224957
2010.07.08,2350.98,-0.703654271764287
2010.07.09,2356.86,0.250108465405918
2010.07.12,2351.26,-0.237604270088165
2010.07.13,2357.9,0.282401776068997
2010.07.14,2355.34,-0.108571186225026
2010.07.15,2357.28,0.0823660278346239
2010.07.16,2352.5,-0.202776080906819
2010.07.19,2363.7,0.476089266737501
2010.07.20,2340.93,-0.963320218301811
2010.07.21,2356.09,0.647605866044709
2010.07.22,2350.77,-0.225797826059282
2010.07.23,2358.26,0.318619005687504
2010.07.26,2355.75,-0.106434405027445
2010.07.27,2349.89,-0.248753051045325
2010.07.28,2339.89,-0.425551834341187
2010.07.29,2340.52,0.0269243425973009
2010.07.30,2353.67,0.561840958419491
2010.08.03,2395.81,1.79039542501709
2010.08.04,2391.79,-0.16779293850514
2010.08.05,2386.59,-0.217410391380501
2010.08.06,2384.76,-0.0766784407879029
2010.08.09,2370.89,-0.581609889464785
2010.08.10,2376.81,0.249695262116756
2010.08.11,2376.11,-0.0294512392660651
2010.08.12,2388.9,0.538274743172673
2010.08.13,2368.75,-0.843484448909548
2010.08.16,2355.26,-0.569498680738778
2010.08.17,2338.05,-0.73070489033058
2010.08.18,2344.12,0.259618057783184
2010.08.19,2358.27,0.603638039008247
2010.08.20,2373.56,0.648356634312441
2010.08.23,2359.62,-0.587303459781929
2010.08.24,2348.27,-0.481009654096842
2010.08.25,2337.05,-0.47779854957053
2010.08.26,2337.39,0.0145482552790677
2010.08.27,2347.67,0.43980679304696
2010.08.30,2348.96,0.0549480974753713
2010.08.31,2321.59,-1.16519651249914
2010.09.01,2307.63,-0.601312031840251
2010.09.02,2302.31,-0.230539557901399
2010.09.03,2301.17,-0.0495154866199554
2010.09.06,2306.49,0.231186744134493
2010.09.07,2308.8,0.100152179285429
2010.09.10,2291.77,-0.737612612612626
2010.09.13,2270.19,-0.941630268307903
2010.09.14,2260.64,-0.420669635581172
2010.09.15,2241.23,-0.858606412343399
2010.09.16,2197.71,-1.94179089160863
2010.09.17,2203.43,0.260270918365024
2010.09.20,2200.25,-0.144320445850321
2010.09.21,2197.2,-0.138620611294182
2010.09.22,2178.78,-0.838339705079172
2010.09.23,2170.42,-0.383700970267775
2010.09.24,2161.69,-0.40222629721437
2010.09.27,2145.42,-0.752651860350007
2010.09.28,2129.27,-0.752766358102386
2010.09.29,2113.93,-0.720434702973327
2010.09.30,2084.04,-1.41395410444054
2010.10.01,2090.14,0.29270071591716
2010.10.04,2120.69,1.46162458017167
2010.10.05,2140.76,0.94639009001789
2010.10.06,2173.27,1.51861955567181
2010.10.07,2178.45,0.238350504079099
2010.10.08,2174.03,-0.202896554889931
2010.10.12,2156.66,-0.798977015036606
2010.10.13,2142.95,-0.63570521083528
2010.10.14,2127.44,-0.723768636692401
2010.10.15,2111.04,-0.770879554770054
2010.10.18,2094.35,-0.790605578293169
2010.10.19,2106.75,0.592069138396156
2010.10.20,2108.46,0.0811676753293078
2010.10.21,2111.01,0.120941350559178
2010.10.22,2110.26,-0.0355280173945149
2010.10.25,2111.5,0.0587605318775886
2010.10.26,2125.75,0.67487568079565
2010.10.27,2131.34,0.26296601199578
2010.10.28,2126.67,-0.219110981823645
2010.10.29,2136.07,0.442005576793769
2010.11.01,2162.54,1.23919159952621
2010.11.02,2189.19,1.232347147336
2010.11.03,2208.22,0.869271282985928
2010.11.04,2245.9,1.70635172220162
2010.11.05,2275.24,1.30638051560621
2010.11.08,2278.25,0.132293736045441
2010.11.09,2293.7,0.678152090420281
2010.11.10,2293.03,-0.0292104460042575
2010.11.11,2293.55,0.0226774180887235
2010.11.12,2264.58,-1.26310740991041
2010.11.15,2252.57,-0.530341167015502
2010.11.16,2235.72,-0.748034467297365
2010.11.17,2226.39,-0.417315227309323
2010.11.18,2225.74,-0.02919524431928
2010.11.22,2224.43,-0.058856829638676
2010.11.23,2233.85,0.423479273341942
2010.11.24,2241.62,0.347829979631586
2010.11.25,2243.94,0.103496578367435
2010.11.26,2250.57,0.295462445519945
2010.11.27,2254.46,0.172845101463182
2010.11.29,2247.77,-0.296745118564978
2010.11.30,2241.83,-0.26426191291814
2010.12.01,2239.96,-0.0834139966009895
2010.12.02,2249.47,0.424561152877723
2010.12.03,2251.36,0.0840197913286378
2010.12.06,2249.11,-0.0999395920687984
2010.12.07,2250.71,0.0711392506369091
2010.12.09,2267.63,0.751762777079246
2010.12.10,2263.82,-0.168016828142159
2010.12.13,2252.77,-0.488113012518676
2010.12.14,2249.34,-0.152256999161027
2010.12.15,2260.17,0.481474565872664
2010.12.16,2265.63,0.241574748802087
2010.12.17,2284.66,0.839942973918939
2010.12.20,2284.85,0.00831633590994141
2010.12.21,2303.95,0.835941090224734
2010.12.22,2297.82,-0.266064801753496
2010.12.23,2285.3,-0.544864262648948
2010.12.24,2274.21,-0.485275456176437
2010.12.27,2276.45,0.0984957413783238
2010.12.28,2294.3,0.784115618616732
2010.12.29,2292.56,-0.0758401255284924
2010.12.30,2278.92,-0.594968070628466
2011.01.03,2273.58,-0.234321520720349
2011.01.04,2285.05,0.504490715083716
2011.01.05,2286.5,0.063455941883106
2011.01.10,2286.35,-0.00656024491580975
2011.01.11,2311.62,1.10525510092505
2011.01.12,2342.54,1.33759008833632
2011.01.13,2375.69,1.41513058474989
2011.01.14,2408.9,1.39790965993039
2011.01.17,2439.68,1.2777616339408
2011.01.18,2585.19,5.96430679433369
2011.01.20,2608.43,0.89896680708188
2011.01.21,2578.58,-1.14436653465878
2011.01.24,2559.08,-0.756230173196104
2011.01.25,2594.31,1.37666661456461
2011.01.26,2702.19,4.15833111694439
2011.01.27,2827.62,4.64179054766689
2011.01.28,2771.38,-1.98895183935606
2011.01.31,2632.53,-5.01013935295773
2011.02.01,2668.84,1.3792815276559
2011.02.02,2753.87,3.1860283868647
2011.02.03,2777.5,0.858065195524849
2011.02.04,2767.67,-0.35391539153915
2011.02.07,2753.42,-0.51487352177102
2011.02.08,2746.21,-0.261856164333807
2011.02.09,2727.24,-0.690770188732848
2011.02.10,2734.69,0.273169944706009
2011.02.11,2704.72,-1.09591946436343
2011.02.14,2702.13,-0.0957585258363092
2011.02.15,2713.86,0.434101986210878
2011.02.16,2719.08,0.192345957418572
2011.02.17,2732.66,0.499433631963742
2011.02.18,2720.11,-0.459259476114837
2011.02.21,2675,-1.65838881515822
2011.02.22,2636.15,-1.45233644859812
2011.02.23,2578.81,-2.17514177873035
2011.02.24,2537.7,-1.5941461371718
2011.02.25,2560.05,0.880718761082888
2011.02.28,2578.55,0.72264213589579
2011.03.01,2597.45,0.73297008008375
2011.03.02,2593.37,-0.157077133342309
2011.03.03,2608.18,0.571071617239349
2011.03.04,2635.6,1.05130780851015
2011.03.07,2648.78,0.500075884049189
2011.03.08,2660.41,0.439070062443836
2011.03.09,2686.45,0.978796501291157
2011.03.10,2693.48,0.261683634536292
2011.03.11,2668.77,-0.917400537594493
2011.03.14,2635.18,-1.25863225380981
2011.03.15,2569.7,-2.48483974529254
2011.03.16,2609.16,1.53558781180683
2011.03.17,2604.27,-0.187416639838101
2011.03.18,2611.56,0.279924892580263
2011.03.21,2616.5,0.189158970117487
2011.03.22,2595.73,-0.793808522835848
2011.03.23,2601.14,0.208419211551281
2011.03.24,2603.46,0.0891916621173827
2011.03.25,2591.14,-0.473216412005573
2011.03.28,2584.15,-0.269765431431712
2011.03.29,2573.67,-0.405549213474454
2011.03.30,2571.6,-0.0804298919442004
2011.04.01,2576.59,0.194042619380941
2011.04.04,2569.83,-0.262362269511263
2011.04.05,2505.58,-2.50016538058938
2011.04.06,2490.82,-0.58908516191859
2011.04.07,2512.38,0.865578403899114
2011.04.08,2518.18,0.230856797140544
2011.04.11,2534.83,0.661191813134887
2011.04.12,2531.12,-0.146360899942011
2011.04.13,2519.5,-0.459085306109541
2011.04.14,2507.37,-0.481444731097447
2011.04.15,2516.28,0.355352421062727
2011.04.18,2513.9,-0.0945840685456334
2011.04.19,2514.29,0.01551374358566
2011.04.20,2539.25,0.992725580581388
2011.04.21,2532.16,-0.279216304026786
2011.04.26,2531.51,-0.0256697838998954
2011.04.27,2536.57,0.199880703611677
2011.04.28,2545.97,0.370579167931484
2011.04.29,2539.13,-0.268659882088151
2011.05.03,2539.55,0.0165410987227999
2011.05.04,2529.02,-0.414640389045307
2011.05.05,2534.89,0.232105716838937
2011.05.06,2558.15,0.917594057335824
2011.05.09,2540.86,-0.67587905322205
2011.05.10,2547.71,0.269593759593212
2011.05.11,2567.41,0.773243422524539
2011.05.12,2568.17,0.0296018166167533
2011.05.13,2583.94,0.614055923089207
2011.05.16,2590.35,0.248070775637199
2011.05.17,2582.36,-0.30845252572046
2011.05.18,2576.25,-0.236605275794244
2011.05.19,2580.16,0.151770984958755
2011.05.20,2592.03,0.460048989209994
2011.05.23,2582.18,-0.380011033822925
2011.05.25,2596.95,0.571997304603089
2011.05.26,2622,0.964593080344267
2011.05.27,2636.02,0.534706331044998
2011.05.30,2662.76,1.01440808491591
2011.05.31,2680.13,0.652330664423384
2011.06.01,2677.33,-0.104472544242262
2011.06.02,2675.18,-0.0803038848404936
2011.06.03,2678.67,0.130458511202991
2011.06.06,2655.53,-0.863861543228539
2011.06.07,2649.73,-0.218412143715196
2011.06.08,2644.53,-0.19624641001158
2011.06.09,2666.41,0.827368190188782
2011.06.13,2660.16,-0.23439756076522
2011.06.14,2654.85,-0.199612053410314
2011.06.15,2660.29,0.204907998568649
2011.06.16,2645.45,-0.557833920362072
2011.06.17,2610.18,-1.33323253132738
2011.06.20,2580.17,-1.14972913745411
2011.06.21,2572.6,-0.293391520713759
2011.06.22,2576.11,0.136437844981741
2011.06.23,2590.88,0.573345082314036
2011.06.24,2593.34,0.0949484345087459
2011.06.27,2580.1,-0.510538533319971
2011.06.28,2575.96,-0.160458896941973
2011.06.29,2599.05,0.896364850385889
2011.06.30,2594.1,-0.190454204420853
2011.07.01,2587.49,-0.254808989630317
2011.07.04,2585.69,-0.069565486243417
2011.07.05,2569.67,-0.619563830157521
2011.07.06,2567.67,-0.0778310055376763
2011.07.07,2570.08,0.093859413398123
2011.07.08,2574.24,0.161862665753598
2011.07.11,2554.52,-0.766051339424445
2011.07.12,2533.55,-0.820897859480441
2011.07.13,2519.91,-0.538375007400693
2011.07.14,2503.05,-0.669071514458841
2011.07.15,2514.58,0.460638021613624
2011.07.18,2504.61,-0.396487683827906
2011.07.19,2497.88,-0.26870450888562
2011.07.20,2495.3,-0.103287587874512
2011.07.21,2507.07,0.47168677112972
2011.07.22,2504.98,-0.083364245912565
2011.07.25,2514.47,0.378845340082545
2011.07.26,2515.35,0.0349974348471172
2011.07.27,2514.69,-0.0262388931957736
2011.07.28,2507.87,-0.271206391245049
2011.07.29,2502.6,-0.210138484052202
2011.08.01,2505.14,0.101494445776384
2011.08.03,2493.61,-0.460253718355053
2011.08.04,2493.71,0.0040102501995154
2011.08.05,2452.49,-1.65295884445266
2011.08.08,2383.58,-2.8097973895918
2011.08.09,2320.23,-2.65776688846189
2011.08.10,2400.35,3.45310594208332
2011.08.11,2378.49,-0.910700522840424
2011.08.12,2378.35,-0.00588608739157115
2011.08.15,2383.39,0.211911619399996
2011.08.16,2368.56,-0.62222296812523
2011.08.17,2375.08,0.275272739554833
2011.08.18,2388.53,0.566296714215953
2011.08.19,2344.15,-1.85804658095147
2011.08.22,2343.09,-0.0452189492993194
2011.08.23,2362.04,0.808761080453579
2011.08.24,2357.93,-0.174002133748796
2011.08.25,2355.46,-0.104752897668714
2011.08.26,2359.02,0.151138206549883
2011.08.29,2352.52,-0.275538147196719
2011.08.31,2347.63,-0.207862207335108
2011.09.01,2343.03,-0.195942290735762
2011.09.02,2334.43,-0.367046089892165
2011.09.05,2328.91,-0.236460292234075
2011.09.06,2304.35,-1.05457059311008
2011.09.07,2296.54,-0.338924208562064
2011.09.09,2288.11,-0.367073946023144
2011.09.12,2273.42,-0.642014588459472
2011.09.13,2249.12,-1.06887420714167
2011.09.14,2232.59,-0.734954115387343
2011.09.15,2230.41,-0.0976444398658183
2011.09.16,2227.46,-0.132262678162298
2011.09.19,2232.49,0.225817747568979
2011.09.20,2222.45,-0.449722059225344
2011.09.21,2209.65,-0.57594096605097
2011.09.22,2176.35,-1.5070259995927
2011.09.23,2134.78,-1.91007880166332
2011.09.26,2124.46,-0.483422179334647
2011.09.27,2165.06,1.91107387289005
2011.09.28,2183.97,0.873416902995761
2011.09.29,2171.83,-0.555868441416318
2011.09.30,2164.01,-0.360065014296684
2011.10.03,2154.2,-0.453325077056044
2011.10.04,2059.92,-4.37656670689814
2011.10.05,2068.74,0.428171967843394
2011.10.06,2083.71,0.723628875547444
2011.10.07,2092.2,0.407446333702866
2011.10.10,2117.41,1.20495172545645
2011.10.12,2137.59,0.953051133224103
2011.10.13,2157.34,0.923937705546907
2011.10.14,2163.75,0.297125163395662
2011.10.17,2168.63,0.22553437319468
2011.10.18,2157.67,-0.505388194390011
2011.10.19,2150.53,-0.330912512107961
2011.10.20,2148.08,-0.1139254044352
2011.10.21,2147.26,-0.0381736248184272
2011.10.25,2113.07,-1.5922617661578
2011.10.26,2111.65,-0.0672008026236792
2011.10.27,2161.31,2.35171548315298
2011.10.28,2164.11,0.12955105931125
2011.10.31,2150.53,-0.62750969220603
2011.11.01,2133.23,-0.804452855807647
2011.11.02,2143.96,0.502993113728945
2011.11.03,2148.14,0.19496632399858
2011.11.04,2134.96,-0.613554051411913
2011.11.07,2115.37,-0.917581594034556
2011.11.08,2109.4,-0.282220131702715
2011.11.09,2108.11,-0.0611548307575593
2011.11.10,2089.74,-0.871396653874812
2011.11.11,2104.66,0.71396441662599
2011.11.14,2103.19,-0.0698450105955262
2011.11.15,2083.04,-0.95806845791393
2011.11.16,2065.16,-0.858360857208695
2011.11.17,2045.44,-0.954889693776739
2011.11.18,2022.84,-1.10489674593243
2011.11.21,1988.48,-1.69860196555337
2011.11.22,1982.13,-0.319339394914708
2011.11.24,1984.84,0.136721607563572
2011.11.25,1966.92,-0.902843554140376
2011.11.28,1976.54,0.489089541008281
2011.11.29,1997.99,1.08522974490777
2011.11.30,1999.42,0.0715719297894379
2011.12.01,2017.63,0.910764121595253
2011.12.02,2023.47,0.289448511372248
2011.12.05,2037.46,0.691386578501296
2011.12.06,2040.5,0.149205383173157
2011.12.07,2041.92,0.0695907865719159
2011.12.09,2050.12,0.401582824008773
2011.12.12,2042.81,-0.356564493785727
2011.12.13,2033.54,-0.453786695776892
2011.12.14,2017.61,-0.783363002448934
2011.12.15,2012.49,-0.25376559394531
2011.12.16,1995.85,-0.82683640664053
2011.12.19,1966.59,-1.46604203722724
2011.12.20,1961.92,-0.237466884302262
2011.12.21,1963.18,0.0642228021529911
2011.12.22,1952.93,-0.522112083456428
2011.12.23,1939.57,-0.68410030057402
2011.12.26,1945.59,0.310378073490525
2011.12.27,1951.12,0.284232546425511
2011.12.28,1960.08,0.459223420394439
2011.12.29,1974.86,0.754050855067145
2012.01.03,1975.79,0.047091945758182
2012.01.04,1978.15,0.11944589252908
2012.01.05,1977.71,-0.0222430048277489
2012.01.09,1984.14,0.325123501423374
2012.01.10,1984.66,0.026207828076652
2012.01.11,1948.48,-1.82298227404191
2012.01.12,1956.82,0.428025948431587
2012.01.13,1954.14,-0.136956899459317
2012.01.16,1959.9,0.294758819736551
2012.01.17,1956.62,-0.167355477320286
2012.01.18,1952.54,-0.208522860851879
2012.01.20,1946.48,-0.310364960512965
2012.01.23,1945.94,-0.0277423862562132
2012.01.24,1943.09,-0.146458780846281
2012.01.25,1931.32,-0.605736224261355
2012.01.26,1922.11,-0.476875919060538
2012.01.27,1931.84,0.506214524662996
2012.01.30,1927.63,-0.21792695047208
2012.01.31,1899.39,-1.46501143891722
2012.02.01,1905.96,0.345900525958331
2012.02.02,1922.13,0.848391361833412
2012.02.03,1931.58,0.491642084562427
2012.02.06,1942,0.539454746891144
2012.02.07,1975.92,1.74665293511844
2012.02.08,2001.13,1.2758613709057
2012.02.09,1995.88,-0.262351771249247
2012.02.10,2000.25,0.218951039140625
2012.02.13,2004.19,0.196975378077746
2012.02.14,2008.34,0.207066196318695
2012.02.15,2028.95,1.02622065984843
2012.02.16,2041.4,0.61361788117007
2012.02.17,2059.33,0.878318800822964
2012.02.20,2068.73,0.456459139623089
2012.02.21,2091.68,1.10937628400032
2012.02.22,2114.84,1.10724393788726
2012.02.23,2119.47,0.21892909156247
2012.02.24,2149.2,1.40270916785801
2012.02.27,2140.11,-0.422948073701823
2012.02.28,2148.26,0.380821546556032
2012.02.29,2149.86,0.0744788805824292
2012.03.01,2165.43,0.724233205883151
2012.03.02,2167.67,0.103443657841651
2012.03.05,2160.84,-0.315084860702963
2012.03.06,2166.3,0.252679513522525
2012.03.07,2147.69,-0.85906845773901
2012.03.08,2144.18,-0.163431407698511
2012.03.09,2138.07,-0.284957419619603
2012.03.12,2132.3,-0.269869555253099
2012.03.13,2127.75,-0.213384608169587
2012.03.14,2118.68,-0.426271883444962
2012.03.15,2089.44,-1.38010459342609
2012.03.16,2080.3,-0.437437782372307
2012.03.19,2071.5,-0.423015911166669
2012.03.20,2047.43,-1.16195993241612
2012.03.21,2050.53,0.15140932779143
2012.03.22,2043.38,-0.348690338595392
2012.03.23,2039.56,-0.186945159490659
2012.03.26,2025.93,-0.66828139402616
2012.03.27,2008.2,-0.875153633146264
2012.03.28,2006.71,-0.0741957972313467
2012.03.29,2005.53,-0.0588027168848537
2012.03.30,2025.33,0.98727019790279
2012.04.02,2018.91,-0.316985380160262
2012.04.03,2026.1,0.356132764709671
2012.04.04,2023.42,-0.132273826563345
2012.04.05,2030.52,0.350891065621561
2012.04.06,2019.09,-0.562909993499206
2012.04.09,1999.3,-0.98014452055134
2012.04.10,1963.59,-1.78612514380033
2012.04.11,1972.53,0.455288527645803
2012.04.12,1965.29,-0.367041312426175
2012.04.17,1955.8,-0.482880389153761
2012.04.18,1952.12,-0.188158298394525
2012.04.19,1946.77,-0.274061020838878
2012.04.20,1947.16,0.0200331831700762
2012.04.23,1946.82,-0.0174613282935221
2012.04.24,1959.44,0.648236611499775
2012.04.25,1976.47,0.869125872698318
2012.04.26,1980.2,0.188720294262001
2012.04.27,1981.91,0.0863549136450814
2012.04.30,1982.33,0.0211916787341337
2012.05.02,1980.52,-0.0913066946472085
2012.05.03,1997.68,0.866439116999573
2012.05.04,1992.04,-0.282327499899893
2012.05.07,1974.17,-0.89707033995301
2012.05.08,1976.34,0.109919611786213
2012.05.09,1968.53,-0.39517491929526
2012.05.10,1971.32,0.141730123493167
2012.05.11,1954.05,-0.876062739687111
2012.05.14,1944.05,-0.511757631585685
2012.05.15,1927.36,-0.858517013451299
2012.05.16,1914.34,-0.675535447451436
2012.05.17,1922.87,0.445584378950437
2012.05.18,1917.33,-0.288111000743674
2012.05.21,1916.4,-0.0485049521991465
2012.05.22,1919.67,0.170632435817164
2012.05.23,1932.72,0.679804341371182
2012.05.25,1937.05,0.224036590918497
2012.05.28,1942.38,0.275160682481102
2012.05.29,1948.87,0.334126175104754
2012.05.30,1958.55,0.496698086583502
2012.05.31,1968,0.482499808531833
2012.06.04,1969.63,0.082825203252046
2012.06.05,1961.89,-0.392967207038886
2012.06.06,1951.28,-0.540805040037928
2012.06.07,1942.03,-0.474047804518063
2012.06.08,1933.92,-0.417604259460458
2012.06.11,1938.73,0.248717630512108
2012.06.12,1937.87,-0.0443589360045071
2012.06.13,1929.21,-0.446882401812287
2012.06.14,1914.62,-0.756268109744407
2012.06.15,1913.39,-0.0642425128746016
2012.06.18,1921.04,0.399813942792626
2012.06.19,1918.82,-0.115562403698
2012.06.20,1921.9,0.160515316705068
2012.06.21,1916.37,-0.287736094489843
2012.06.22,1899.51,-0.879788349848931
2012.06.25,1895.36,-0.218477396802341
2012.06.26,1876.74,-0.982399122066513
2012.06.27,1867.6,-0.487014717009282
2012.06.28,1865.29,-0.123688155922042
2012.06.29,1858.01,-0.39028783727999
2012.07.02,1860.62,0.140472871513064
2012.07.03,1860.62,0
2012.07.04,1862.64,0.108565961883689
2012.07.05,1867.8,0.277026156423132
2012.07.06,1875.02,0.386551022593418
2012.07.09,1857.45,-0.937056671395498
2012.07.10,1846,-0.616436512422947
2012.07.11,1847.07,0.0579631635969635
2012.07.12,1846.82,-0.0135349499477577
2012.07.13,1855.54,0.472162961198164
2012.07.16,1864.59,0.487728639641283
2012.07.17,1863.41,-0.0632846899318307
2012.07.18,1846.72,-0.89566976671801
2012.07.19,1847.52,0.0433200485184582
2012.07.20,1846.2,-0.0714471291244467
2012.07.23,1830.85,-0.831437547394653
2012.07.24,1833.91,0.167135483518588
2012.07.25,1830.59,-0.1810339656799
2012.07.26,1817.53,-0.713431188851676
2012.07.27,1809.56,-0.438507204832939
2012.07.30,1804.96,-0.254205442206945
2012.07.31,1796.57,-0.464830245545611
2012.08.01,1809.91,0.742526035723645
2012.08.03,1836.51,1.46968633799469
2012.08.06,1849.24,0.693162574666073
2012.08.07,1851.87,0.142220587917197
2012.08.08,1834.28,-0.949850691463217
2012.08.09,1824.7,-0.522275770329495
2012.08.10,1826.58,0.103030635172896
2012.08.13,1829.46,0.157671714351415
2012.08.14,1820.97,-0.464071365320917
2012.08.15,1817.91,-0.168042307122029
2012.08.16,1818.45,0.0297044408138936
2012.08.17,1829.78,0.623058098930396
2012.08.21,1819.85,-0.542688192023089
2012.08.22,1822.5,0.145616396955806
2012.08.23,1827.89,0.295747599451301
2012.08.24,1835.22,0.401008813440629
2012.08.27,1842.63,0.403766305946984
2012.08.29,1846.23,0.195372918057335
2012.08.30,1844.28,-0.105620643148474
2012.08.31,1856.07,0.639273862970913
2012.09.03,1852.22,-0.207427521591319
2012.09.04,1843.95,-0.446491237541979
2012.09.05,1838.46,-0.297730415683728
2012.09.06,1841.26,0.152301382678988
2012.09.07,1831.55,-0.527356266904189
2012.09.10,1827.74,-0.208020529060082
2012.09.11,1819.87,-0.430586407257061
2012.09.12,1822.24,0.130229082297095
2012.09.13,1827.64,0.29633857230662
2012.09.14,1828.01,0.020244687137505
2012.09.17,1826.35,-0.0908091312410764
2012.09.18,1824.01,-0.128124401127927
2012.09.19,1833.76,0.534536543111064
2012.09.20,1822.41,-0.618946863275449
2012.09.21,1830.46,0.44172277368979
2012.09.24,1826.73,-0.203773914753669
2012.09.25,1833.92,0.393599491988428
2012.09.26,1842.15,0.448765485953584
2012.09.27,1825.95,-0.879407214396222
2012.09.28,1822.36,-0.196609983844032
2012.10.01,1825.06,0.148159529401437
2012.10.02,1828.86,0.208212332745217
2012.10.03,1826.86,-0.109357741981342
2012.10.04,1822.64,-0.230997449175074
2012.10.05,1819.78,-0.156915243822153
2012.10.08,1808.47,-0.621503698249237
2012.10.09,1806.75,-0.0951080194860898
2012.10.10,1800.74,-0.332641483326412
2012.10.12,1804.2,0.192143230005448
2012.10.15,1799.43,-0.264383106085797
2012.10.16,1793.03,-0.355668183813773
2012.10.17,1780.84,-0.679854770974275
2012.10.18,1769.07,-0.660924058309564
2012.10.19,1763.53,-0.313158891394916
2012.10.22,1752.4,-0.63112053665092
2012.10.24,1746.66,-0.327550787491437
2012.10.25,1744.78,-0.107633998603052
2012.10.26,1744.02,-0.0435585002120598
2012.10.29,1746.4,0.136466324927476
2012.10.30,1745.46,-0.0538250114521355
2012.10.31,1742.11,-0.191926483563076
2012.11.01,1758.6,0.946553317528753
2012.11.02,1767.72,0.518594336403955
2012.11.05,1756.74,-0.621139094426715
2012.11.06,1763.39,0.378542072247456
2012.11.07,1762.23,-0.0657823850651385
2012.11.08,1730.61,-1.79431742735058
2012.11.09,1730.1,-0.0294693778494337
2012.11.12,1739.89,0.565863244899156
2012.11.13,1740.69,0.0459799182706888
2012.11.14,1751.61,0.627337435155018
2012.11.15,1754.95,0.190681715678731
2012.11.16,1738.49,-0.937918459215359
2012.11.19,1738.44,-0.00287605910876954
2012.11.20,1740.85,0.138630036124332
2012.11.22,1735.63,-0.299853519832249
2012.11.23,1734.95,-0.0391788572449259
2012.11.26,1728.61,-0.365428398512935
2012.11.27,1719.58,-0.522385037689244
2012.11.28,1727.82,0.479186778166763
2012.11.29,1727.74,-0.00463011193295726
2012.11.30,1728.15,0.0237304224015134
2012.12.03,1722.37,-0.334461707606415
2012.12.04,1726.65,0.248494806574673
2012.12.05,1720.92,-0.331856485101212
2012.12.06,1724.35,0.199311995909146
2012.12.07,1708.88,-0.897149650592966
2012.12.10,1721.21,0.721525209493934
2012.12.11,1727.51,0.366021577843489
2012.12.12,1708.74,-1.08653495493514
2012.12.13,1710.33,0.0930510200498613
2012.12.14,1719.12,0.513935907105645
2012.12.17,1709.9,-0.536320908371712
2012.12.18,1704.75,-0.301187203930065
2012.12.19,1706.67,0.112626484821821
2012.12.20,1729.6,1.34355206337486
2012.12.21,1732.68,0.178075855689186
2012.12.24,1718.24,-0.833391047394794
2012.12.25,1713.32,-0.286339510196487
2012.12.26,1711.52,-0.105059183339951
2012.12.27,1715.42,0.227867626437317
2012.12.28,1731.18,0.918725443331669
2013.01.02,1737.29,0.352938458161489
2013.01.03,1754.81,1.00846721042542
2013.01.04,1762.7,0.449621326525373
2013.01.08,1771.95,0.524763147444252
2013.01.09,1790.19,1.02937441801405
2013.01.10,1805.13,0.834548288170534
2013.01.11,1814.12,0.498025072986419
2013.01.14,1823.23,0.502171851917188
2013.01.15,1829.76,0.358155581029274
2013.01.16,1826.71,-0.166688527457148
2013.01.17,1832.78,0.332291387248107
2013.01.18,1836.2,0.186601774353723
2013.01.21,1854.18,0.979196165995
2013.01.22,1862.03,0.423367742074654
2013.01.23,1870.32,0.445213020198376
2013.01.24,1893.93,1.26235082766586
2013.01.25,1927.25,1.75930472615145
2013.01.28,1955.92,1.4876118822156
2013.01.29,1942.29,-0.696858767229747
2013.01.30,1934.83,-0.384082706495947
2013.01.31,1939.88,0.261004842802737
2013.02.01,1927.28,-0.649524712868843
2013.02.04,1914.02,-0.688016271636716
2013.02.05,1889.77,-1.26696690734684
2013.02.06,1899.77,0.529164924832126
2013.02.07,1896.03,-0.196865936402824
2013.02.08,1877.97,-0.952516574104834
2013.02.11,1880.27,0.122472669957441
2013.02.12,1877.65,-0.139341690289152
2013.02.13,1896.47,1.00231672569435
2013.02.14,1886.53,-0.524131676219508
2013.02.15,1889.89,0.178104774374122
2013.02.18,1880.45,-0.499499970897777
2013.02.19,1871.59,-0.471163817171427
2013.02.20,1858.85,-0.680704641508023
2013.02.21,1869.59,0.577776582295497
2013.02.22,1872.83,0.173300028348455
2013.02.25,1871.1,-0.0923735736826137
2013.02.26,1868.14,-0.158195713751264
2013.02.27,1858.35,-0.524050660014785
2013.02.28,1866.14,0.419189065568926
2013.03.01,1879.73,0.728241182333589
2013.03.04,1880.09,0.0191516866784092
2013.03.05,1863.48,-0.883468344600524
2013.03.06,1860.48,-0.160989117135679
2013.03.07,1884.71,1.30235208118334
2013.03.08,1877,-0.409081503255149
2013.03.11,1868.17,-0.470431539690996
2013.03.12,1882.9,0.788472141186292
2013.03.13,1877.5,-0.286791651176377
2013.03.14,1871.16,-0.33768308921438
2013.03.15,1878.05,0.368220782829898
2013.03.18,1873.79,-0.226831021538298
2013.03.19,1858.71,-0.804786021912807
2013.03.20,1840.52,-0.978635720472809
2013.03.21,1832.88,-0.415100080412045
2013.03.22,1828.24,-0.25315350704902
2013.03.25,1812.56,-0.857655450050321
2013.03.26,1804.39,-0.450743699518907
2013.03.27,1792.96,-0.633455073459732
2013.03.28,1789.19,-0.210266821345706
2013.03.29,1792.09,0.162084518692818
2013.04.01,1801.41,0.520063166470441
2013.04.02,1803.47,0.114354866465716
2013.04.03,1808.07,0.255063849135273
2013.04.04,1811.19,0.172559690719942
2013.04.05,1823.99,0.7067176828494
2013.04.08,1852.22,1.54770585365052
2013.04.09,1866.68,0.780684799861797
2013.04.10,1851.71,-0.801958557438876
2013.04.11,1857.8,0.328885192605743
2013.04.12,1859.62,0.0979653353428756
2013.04.15,1872.49,0.6920768759209
2013.04.16,1867.25,-0.279841280861315
2013.04.17,1857.09,-0.544115678136303
2013.04.18,1842.61,-0.779714499566531
2013.04.19,1853.34,0.582326156918711
2013.04.22,1842.36,-0.59244391207226
2013.04.23,1825.48,-0.916216157537064
2013.04.24,1795.74,-1.62916054955409
2013.04.25,1818,1.23960038758395
2013.04.26,1789.49,-1.56820682068207
2013.04.29,1781.62,-0.439790107796079
2013.04.30,1774.54,-0.397391138402126
2013.05.02,1774.54,0
2013.05.07,1783.22,0.48914084776901
2013.05.08,1774.04,-0.514799071342853
2013.05.09,1778.96,0.27733309282767
2013.05.10,1785.34,0.358636506723031
2013.05.13,1798.67,0.746636495009367
2013.05.14,1797.43,-0.0689398277616271
2013.05.15,1803.83,0.356063935730444
2013.05.16,1813.42,0.531646552058684
2013.05.17,1815.9,0.136758169646312
2013.05.20,1842.24,1.45052040310589
2013.05.21,1828.5,-0.745831162063571
2013.05.22,1827.15,-0.0738310090237837
2013.05.23,1814.11,-0.713679774512233
2013.05.27,1780.23,-1.86758245089879
2013.05.28,1756.73,-1.32005415030642
2013.05.29,1740.94,-0.898829074473595
2013.05.30,1736.52,-0.253885831792022
2013.05.31,1740.69,0.240135443300393
2013.06.03,1726.36,-0.823236762433299
2013.06.04,1728.99,0.152343659491661
2013.06.05,1728.46,-0.0306537342610436
2013.06.06,1733.73,0.304895687490592
2013.06.07,1734.57,0.0484504507622274
2013.06.10,1733.4,-0.0674518756809905
2013.06.11,1728.16,-0.302296065535945
2013.06.12,1717.55,-0.613947782612734
2013.06.13,1723.18,0.327792495123869
2013.06.14,1733.77,0.6145614503418
2013.06.17,1733.13,-0.0369137774906658
2013.06.18,1730.48,-0.152902552030143
2013.06.19,1732.39,0.11037400027738
2013.06.20,1740.2,0.450822274430118
2013.06.24,1739.33,-0.0499942535340803
2013.06.25,1741.86,0.145458308659086
2013.06.26,1739.21,-0.152136222199251
2013.06.27,1742.11,0.166742371536488
2013.06.28,1745.48,0.193443582781816
2013.07.01,1736.79,-0.497857322914042
2013.07.02,1729.25,-0.434134236148298
2013.07.03,1713.7,-0.899233771866415
2013.07.04,1714.31,0.035595495127505
2013.07.05,1710.91,-0.198330523650903
2013.07.08,1710.94,0.00175345284088024
2013.07.09,1706.99,-0.230867242568411
2013.07.10,1713.28,0.368484876888564
2013.07.11,1714.47,0.0694574150168048
2013.07.12,1718.42,0.230391899537463
2013.07.15,1708.67,-0.567381664552324
2013.07.16,1702.46,-0.363440570736306
2013.07.17,1701.56,-0.0528646781715936
2013.07.18,1693.95,-0.44723665342391
2013.07.19,1698.88,0.291035744856694
2013.07.22,1718.92,1.1796006780938
2013.07.23,1715.06,-0.224559607195218
2013.07.24,1700.59,-0.843702261145385
2013.07.25,1686.98,-0.800310480480293
2013.07.26,1675.02,-0.708959205206938
2013.07.29,1672.72,-0.137311793292016
2013.07.30,1656.82,-0.95054761107658
2013.07.31,1655.55,-0.0766528651271692
2013.08.01,1653.29,-0.136510525203104
2013.08.05,1643.5,-0.592152616903263
2013.08.06,1642.61,-0.0541527228475891
2013.08.07,1640.52,-0.127236532104391
2013.08.09,1621.46,-1.1618267378636
2013.08.12,1614.36,-0.43787697507186
2013.08.13,1608.01,-0.393344731038925
2013.08.14,1610.3,0.14241204967631
2013.08.15,1607.95,-0.145935539961495
2013.08.16,1606.64,-0.0814701949687469
2013.08.19,1626.42,1.23114076582185
2013.08.20,1617.01,-0.5785713407361
2013.08.21,1618.36,0.0834874243201833
2013.08.22,1631.87,0.83479571912306
2013.08.23,1628.51,-0.20589875418997
2013.08.26,1625.72,-0.171322251628792
2013.08.27,1632.63,0.42504244273307
2013.08.29,1626.86,-0.35341749202209
2013.08.30,1633.63,0.416139065438959
2013.09.02,1634.03,0.0244853485795282
2013.09.03,1631.45,-0.157891837971147
2013.09.04,1643.86,0.760673020932301
2013.09.05,1647.95,0.248804642731137
2013.09.06,1642.07,-0.356806941958199
2013.09.10,1639.09,-0.181478256103573
2013.09.11,1657.13,1.10061070472032
2013.09.12,1654.61,-0.15207014537183
2013.09.13,1652.89,-0.103951988686146
2013.09.16,1652.11,-0.0471900731446207
2013.09.17,1654.46,0.142242344638066
2013.09.18,1663.34,0.536731017975645
2013.09.19,1669.24,0.354707997162351
2013.09.20,1652.44,-1.00644604730297
2013.09.23,1646.27,-0.373387233424516
2013.09.24,1646.41,0.00850407284347376
2013.09.25,1642.35,-0.246597141659743
2013.09.26,1623.07,-1.17392760373854
2013.09.27,1630.68,0.468864559137927
2013.09.30,1634.43,0.22996541320186
2013.10.01,1633.81,-0.0379337138941449
2013.10.02,1620.66,-0.804867151015098
2013.10.03,1627.09,0.396751940567408
2013.10.04,1624.53,-0.157336103104311
2013.10.07,1615.28,-0.569395455916477
2013.10.08,1617.85,0.15910554207319
2013.10.09,1631.21,0.825787310319259
2013.10.10,1639.7,0.52047253265981
2013.10.14,1625.98,-0.836738427761175
2013.10.15,1625.36,-0.0381308503179745
2013.10.16,1607.8,-1.08037603976965
2013.10.17,1588.97,-1.17116556785669
2013.10.18,1586.22,-0.173068088132566
2013.10.21,1584.76,-0.0920427179079808
2013.10.22,1578.86,-0.372296120548232
2013.10.24,1599.88,1.33134033416518
2013.10.25,1607.23,0.45940945570917
2013.10.28,1619.1,0.738537732620714
2013.10.29,1614.21,-0.302019640541029
2013.10.30,1608.07,-0.380371822749215
2013.10.31,1602.37,-0.354462181372706
2013.11.01,1604.95,0.161011501713104
2013.11.04,1590.29,-0.913424094208548
2013.11.05,1587.35,-0.184871941595566
2013.11.06,1600.64,0.837244464043851
2013.11.07,1590.36,-0.64224310275891
2013.11.08,1556.96,-2.10015342438189
2013.11.11,1566.67,0.623651217757693
2013.11.12,1560.03,-0.423828885470468
2013.11.13,1570.73,0.685884245815793
2013.11.14,1585.36,0.931414055884838
2013.11.15,1588.38,0.19049301105114
2013.11.18,1591.9,0.221609438547454
2013.11.19,1576.5,-0.967397449588547
2013.11.20,1578.95,0.155407548366648
2013.11.21,1594.55,0.987998353336073
2013.11.22,1603.59,0.566931109090341
2013.11.25,1599.94,-0.227614290435829
2013.11.26,1576.49,-1.46567996299861
2013.11.28,1574.82,-0.105931531440107
2013.11.29,1575.38,0.0355596195120711
2013.12.02,1581.87,0.411964097551043
2013.12.03,1586.91,0.318610252422769
2013.12.04,1588.52,0.101455028955644
2013.12.05,1582.93,-0.351899881650841
2013.12.06,1584.31,0.0871801027208852
2013.12.10,1582.57,-0.109826990929807
2013.12.11,1586.45,0.245170829726349
2013.12.12,1587.98,0.0964417409940355
2013.12.13,1602.71,0.927593546518213
2013.12.16,1596.96,-0.358767337821564
2013.12.17,1598.57,0.100816551447735
2013.12.18,1596.23,-0.1463808278649
2013.12.19,1590.73,-0.344561873915417
2013.12.20,1611.63,1.31386218905787
2013.12.23,1624.18,0.778714717397921
2013.12.24,1640.87,1.02759546355697
2013.12.25,1654.81,0.849549324443744
2013.12.26,1685.9,1.87876553803761
2013.12.27,1705.34,1.15309330328013
2013.12.30,1738.86,1.96559043944315
2014.01.02,1709.15,-1.70859068585164
2014.01.03,1683.07,-1.52590468946553
2014.01.08,1706.92,1.41705336082278
2014.01.09,1731.6,1.44587912731704
2014.01.10,1751.56,1.15269115269117
2014.01.13,1731.68,-1.13498823905547
2014.01.14,1708.75,-1.32414764852629
2014.01.15,1699.29,-0.553621068032184
2014.01.16,1676.59,-1.33585203231938
2014.01.17,1695.44,1.12430588277397
2014.01.20,1706.42,0.647619497003737
2014.01.21,1693.38,-0.764172946871222
2014.01.22,1692.42,-0.0566913510257616
2014.01.23,1683.33,-0.537100719679517
2014.01.24,1703.46,1.19584395216625
2014.01.27,1719.59,0.946896316907941
2014.01.28,1722.92,0.1936508121122
2014.01.29,1721.34,-0.091704780256785
2014.01.30,1737.58,0.943451032335285
2014.01.31,1737.45,-0.00748166990871546
2014.02.03,1735.86,-0.0915134248467675
2014.02.04,1717.26,-1.07151498392727
2014.02.05,1710.86,-0.372686721870896
2014.02.06,1700.19,-0.623662953134674
2014.02.07,1703.15,0.17409818902594
2014.02.10,1725.9,1.33576020902446
2014.02.11,1728.1,0.127469725940088
2014.02.12,1726.84,-0.0729124471963383
2014.02.13,1725.61,-0.0712283708971362
2014.02.14,1728.18,0.148932841140237
2014.02.17,1724.46,-0.215255355344934
2014.02.18,1730.06,0.324739338691527
2014.02.19,1742.54,0.721362264892544
2014.02.20,1730.03,-0.717917522696754
2014.02.21,1722.18,-0.453749356947564
2014.02.24,1718.29,-0.22587650535949
2014.02.25,1722.71,0.257232481129499
2014.02.26,1729.28,0.381375855483501
2014.02.27,1740.96,0.675425610658764
2014.02.28,1768.24,1.56695156695157
2014.03.03,1762.74,-0.311043749717233
2014.03.04,1755.96,-0.384628476122395
2014.03.05,1750.84,-0.291578395863235
2014.03.06,1767.67,0.961252884329822
2014.03.07,1769.5,0.103526110642815
2014.03.10,1769.47,-0.00169539417914644
2014.03.11,1761.11,-0.472457854611841
2014.03.12,1769.76,0.491167502313883
2014.03.13,1773.97,0.237885362987078
2014.03.14,1782.19,0.463367475210963
2014.03.17,1785.92,0.209293060784765
2014.03.18,1781.4,-0.253090843934778
2014.03.19,1770.86,-0.591669473447865
2014.03.20,1754.95,-0.898433529471543
2014.03.21,1739.17,-0.899170916550329
2014.03.24,1746.68,0.431815176204742
2014.03.25,1723.59,-1.32193647376738
2014.03.26,1711.9,-0.678235543255634
2014.03.27,1718.28,0.37268532040422
2014.03.28,1721.81,0.20543799613566
2014.03.31,1724.51,0.156811727194062
2014.04.01,1720.72,-0.219772573078725
2014.04.02,1720.72,0
2014.04.03,1723.31,0.150518387651677
2014.04.04,1723.8,0.0284336538405761
2014.04.07,1729.76,0.345747766562243
2014.04.08,1745.57,0.913999630006468
2014.04.09,1734.14,-0.65480043767937
2014.04.10,1740.52,0.367905705421712
2014.04.11,1743.88,0.193045756440613
2014.04.14,1727.98,-0.911759983485105
2014.04.15,1729.33,0.0781259042349936
2014.04.16,1729.42,0.00520432768760237
2014.04.17,1723.7,-0.330746724335329
2014.04.22,1712.51,-0.649184892962818
2014.04.23,1701.12,-0.665105605222749
2014.04.24,1701.04,-0.0047027840481495
2014.04.25,1689.28,-0.691341767389364
2014.04.28,1679.93,-0.553490244364463
2014.04.29,1681.45,0.0904799604745321
2014.04.30,1682.24,0.0469832584971242
2014.05.02,1688.35,0.363206201255473
2014.05.05,1698.09,0.576894601237887
2014.05.06,1727.28,1.71899015953219
2014.05.07,1771.88,2.58209439118151
2014.05.08,1753.91,-1.01417703230468
2014.05.09,1755.13,0.0695588713217843
2014.05.12,1733.13,-1.25346840404984
2014.05.13,1749.64,0.952611748685905
2014.05.14,1773.73,1.37685466724582
2014.05.15,1777.92,0.236225355606545
2014.05.16,1732.02,-2.58166846652268
2014.05.19,1712.66,-1.11777000265585
2014.05.20,1679.31,-1.94726332138312
2014.05.21,1658.34,-1.24872715579614
2014.05.22,1650.52,-0.471555893242637
2014.05.23,1647.53,-0.181155029929958
2014.05.26,1674.16,1.61635903443338
2014.05.27,1706.28,1.91857409088736
2014.05.28,1735.02,1.68436598916941
2014.05.29,1731.85,-0.182706827587009
2014.05.30,1759.2,1.57923607702746
2014.06.02,1747.39,-0.671327876307415
2014.06.03,1746.83,-0.0320477970001121
2014.06.04,1731.26,-0.89132886428559
2014.06.05,1724.96,-0.363896815036446
2014.06.09,1700.51,-1.41742417215472
2014.06.10,1711.02,0.618049879153904
2014.06.11,1716.38,0.313263433507505
2014.06.12,1731.62,0.887915263519723
2014.06.13,1735.46,0.22175766045669
2014.06.16,1701.58,-1.95222016064905
2014.06.17,1676.35,-1.48273957145711
2014.06.18,1664.05,-0.733736988099143
2014.06.19,1657.97,-0.365373636609467
2014.06.20,1666.08,0.489152397208636
2014.06.23,1665.49,-0.0354124651877452
2014.06.24,1642.26,-1.39478471801092
2014.06.25,1629.57,-0.772715647948563
2014.06.26,1636.04,0.39703725522684
2014.06.27,1628.21,-0.478594655387399
2014.06.30,1633.2,0.306471523943475
2014.07.01,1621.31,-0.728018613764392
2014.07.02,1620.99,-0.0197371261510759
2014.07.03,1630.33,0.576191093097433
2014.07.04,1642.76,0.762422331675183
2014.07.07,1634.3,-0.514986973142761
2014.07.08,1631.01,-0.201309429113383
2014.07.09,1632.37,0.0833839154879446
2014.07.10,1634.3,0.118232998646151
2014.07.11,1627.47,-0.417915927308321
2014.07.14,1612.54,-0.91737482104125
2014.07.15,1612.25,-0.0179840500080575
2014.07.16,1597.03,-0.944022329043259
2014.07.17,1589.72,-0.457724651384128
2014.07.18,1597.64,0.498200941046223
2014.07.21,1608.71,0.692897023109085
2014.07.22,1617.71,0.559454469730403
2014.07.23,1635.22,1.08239424866015
2014.07.24,1653.44,1.11422316263254
2014.07.25,1679.6,1.58215598993612
2014.07.29,1689.45,0.586449154560609
2014.07.30,1694.42,0.294178578827431
2014.07.31,1693.47,-0.0560663825969976
2014.08.01,1678.21,-0.901108375111459
2014.08.04,1667.22,-0.654864409102551
2014.08.05,1661.26,-0.357481316203023
2014.08.06,1674.16,0.776519027725953
2014.08.07,1664.63,-0.569240693840489
2014.08.08,1657.02,-0.457158647867706
2014.08.11,1649.6,-0.44779181904866
2014.08.12,1648.93,-0.0406159068865097
2014.08.13,1664.22,0.927267985906011
2014.08.14,1669.45,0.31426133564072
2014.08.15,1668.42,-0.0616969660666711
2014.08.18,1664.07,-0.260725716546206
2014.08.19,1661.35,-0.16345466236396
2014.08.20,1669.21,0.473109218406731
2014.08.21,1675.03,0.348667932734648
2014.08.22,1680.72,0.339695408440455
2014.08.25,1686.49,0.343305250130888
2014.08.26,1697.53,0.654614020836175
2014.08.27,1711.41,0.817658598080739
2014.08.29,1714.17,0.161270531316293
2014.09.01,1716.71,0.148176668591793
2014.09.02,1712.68,-0.234751355791019
2014.09.03,1713.07,0.022771329144966
2014.09.04,1705.45,-0.444815448288738
2014.09.05,1702.92,-0.148347943358051
2014.09.09,1698.81,-0.241350151504482
2014.09.10,1697.17,-0.0965381649507546
2014.09.11,1708.93,0.692918210904026
2014.09.12,1706.93,-0.117032295061825
2014.09.15,1710.38,0.202117251439726
2014.09.16,1699.81,-0.617991323565537
2014.09.17,1705.24,0.319447467658152
2014.09.18,1709.97,0.277380310102982
2014.09.19,1702.48,-0.438019380456967
2014.09.22,1694.56,-0.465203702833517
2014.09.23,1697.23,0.157563025210083
2014.09.24,1703.96,0.396528461080714
2014.09.25,1707.87,0.22946548041034
2014.09.26,1718.37,0.614800892339584
2014.09.29,1705.61,-0.742564174188332
2014.09.30,1713.44,0.459073293425827
2014.10.01,1722.56,0.532262582874221
2014.10.02,1756.53,1.97206483373584
2014.10.03,1763.02,0.369478460373585
2014.10.06,1784.98,1.24558995360233
2014.10.07,1776.57,-0.47115373841724
2014.10.08,1778.4,0.103007480707218
2014.10.09,1786.86,0.475708502024275
2014.10.10,1789.9,0.170130844050465
2014.10.13,1803.61,0.765964579026757
2014.10.14,1802.65,-0.0532265844611524
2014.10.15,1808.62,0.331179097439871
2014.10.16,1817.24,0.476606473443852
2014.10.17,1822.61,0.295503070590564
2014.10.20,1813.25,-0.513549250799672
2014.10.21,1820.94,0.42410037225975
2014.10.22,1836.75,0.86823289070479
2014.10.24,1836.49,-0.0141554375935771
2014.10.27,1842.73,0.339778599393403
2014.10.28,1837.25,-0.297384858335192
2014.10.29,1828.78,-0.461015104095797
2014.10.30,1848.06,1.05425474906768
2014.10.31,1854.23,0.333863619146579
2014.11.03,1850.83,-0.183364523279206
2014.11.04,1839.46,-0.614318981213824
2014.11.05,1831.5,-0.432735694171116
2014.11.06,1844.67,0.71908271908272
2014.11.07,1863.98,1.04679969859107
2014.11.10,1863.75,-0.0123391881887147
2014.11.11,1855.8,-0.426559356136824
2014.11.12,1875.19,1.04483241728635
2014.11.13,1860.51,-0.782854004127587
2014.11.14,1872.79,0.660034076677896
2014.11.17,1869.51,-0.175139764736032
2014.11.18,1875.68,0.330033003300323
2014.11.19,1859.91,-0.840761750405183
2014.11.20,1861.13,0.0655945717803474
2014.11.21,1859.14,-0.106924287932597
2014.11.24,1847.57,-0.622330755080314
2014.11.25,1851.03,0.187273012659883
2014.11.26,1848.53,-0.13505993960119
2014.11.27,1838.7,-0.531773896014665
2014.11.28,1855.56,0.916952194485221
2014.12.01,1854.35,-0.0652094246480828
2014.12.02,1847.18,-0.386658397821327
2014.12.04,1842.5,-0.253359174525492
2014.12.05,1830.92,-0.628493894165527
2014.12.09,1830.87,-0.00273086754201124
2014.12.10,1827.57,-0.180242179947232
2014.12.11,1834.59,0.384116613864305
2014.12.12,1843.02,0.459503213252011
2014.12.15,1836.8,-0.337489555186599
2014.12.16,1833.41,-0.184560104529607
2014.12.17,1831.77,-0.0894508047845299
2014.12.18,1829.53,-0.122286094869994
2014.12.19,1830.69,0.0634042622968734
2014.12.22,1828.75,-0.105970972693359
2014.12.23,1826.62,-0.116473000683537
2014.12.24,1823.94,-0.146719076764723
2014.12.25,1827.33,0.18586137701897
2014.12.26,1828.94,0.0881066911833095
2014.12.29,1837.07,0.444519776482544
2014.12.30,1844.2,0.388118035785245
2015.01.02,1851.33,0.386617503524556
2015.01.05,1845.03,-0.340295895383314
2015.01.08,1838.78,-0.338747879438273
2015.01.09,1831.44,-0.399177715659294
2015.01.12,1833.46,0.110295723583631
2015.01.13,1834.71,0.0681771077634563
2015.01.14,1837.48,0.150977538684582
2015.01.15,1848.7,0.610618891089976
2015.01.16,1846.88,-0.0984475577432753
2015.01.20,1848,0.0606428138265613
2015.01.21,1857.91,0.536255411255415
2015.01.22,1855.87,-0.109800797670512
2015.01.23,1866.46,0.570621864678023
2015.01.26,1853.3,-0.705078062214037
2015.01.27,1854.72,0.0766200830950137
2015.01.28,1864.96,0.552104899930983
2015.01.29,1872.2,0.388212079615657
2015.01.30,1874.42,0.118577075098814
2015.02.02,1863.16,-0.600719155792195
2015.02.03,1854.3,-0.475536185834824
2015.02.04,1855.64,0.072264466375449
2015.02.05,1854.46,-0.0635899204587176
2015.02.06,1853.64,-0.0442177237578556
2015.02.09,1847.81,-0.314516303057777
2015.02.10,1842,-0.314426266769852
2015.02.11,1838.25,-0.203583061889245
2015.02.12,1834.58,-0.199646402828779
2015.02.13,1834.51,-0.00381558721886943
2015.02.16,1822.93,-0.63123122795733
2015.02.17,1802.91,-1.09823196721761
2015.02.18,1807.4,0.249041826824414
2015.02.19,1815.82,0.465862565010511
2015.02.20,1836.4,1.13337225055348
2015.02.23,1848.45,0.656175125245051
2015.02.24,1829.31,-1.03546214395845
2015.02.25,1836.68,0.402884147574767
2015.02.26,1827.5,-0.499814883376526
2015.02.27,1842.39,0.814774281805741
2015.03.02,1844.89,0.135693311405305
2015.03.03,1850.82,0.321428377843658
2015.03.04,1854.82,0.216120422299304
2015.03.05,1845.48,-0.503552905403215
2015.03.06,1840.14,-0.289355614799403
2015.03.09,1826.01,-0.767876357233699
2015.03.10,1831.8,0.317084791430489
2015.03.11,1822.33,-0.516977836008303
2015.03.12,1817.05,-0.289738960561481
2015.03.13,1817.89,0.0462287774139591
2015.03.16,1808,-0.544037317989543
2015.03.17,1795.19,-0.708517699115041
2015.03.18,1786.54,-0.481843147521999
2015.03.19,1774.63,-0.666651740235302
2015.03.20,1774.01,-0.0349368600778832
2015.03.23,1782.73,0.491541761320402
2015.03.24,1773.43,-0.521671817942138
2015.03.25,1769.95,-0.196229904760836
2015.03.26,1772.52,0.145201841859932
2015.03.27,1756.12,-0.925236386613415
2015.03.30,1765.45,0.531284878026561
2015.03.31,1755.47,-0.565294967288799
2015.04.01,1742.57,-0.734845938694484
2015.04.02,1729.11,-0.772422341713674
2015.04.03,1726.67,-0.141113058162856
2015.04.06,1728.38,0.0990345578483431
2015.04.07,1733.78,0.312431294044124
2015.04.08,1734.24,0.0265316245429137
2015.04.09,1740.31,0.350009225943349
2015.04.14,1738.92,-0.0798708276111615
2015.04.15,1743.84,0.28293423504242
2015.04.16,1753.82,0.572300211028542
2015.04.17,1759.64,0.33184705385958
2015.04.20,1753.5,-0.348935009433748
2015.04.21,1744.17,-0.532078699743366
2015.04.22,1731.2,-0.743620174638937
2015.04.23,1714.63,-0.957139556377074
2015.04.24,1707.02,-0.443827531304142
2015.04.27,1708.81,0.104861102974763
2015.04.28,1704.18,-0.270948788923275
2015.04.29,1701.32,-0.167822647842375
2015.04.30,1699.82,-0.0881668351632836
2015.05.04,1707.4,0.445929569013193
2015.05.05,1690.62,-0.982780836359387
2015.05.06,1687.5,-0.184547680732505
2015.05.07,1679.36,-0.482370370370377
2015.05.08,1677.83,-0.0911061356707266
2015.05.11,1668.1,-0.579915724477453
2015.05.12,1657.94,-0.609076194472746
2015.05.13,1684.25,1.58690905581624
2015.05.14,1672.61,-0.691108802137452
2015.05.15,1683.31,0.639718762891528
2015.05.18,1666.75,-0.983776012736803
2015.05.19,1654.88,-0.712164391780401
2015.05.20,1650.57,-0.260441844725912
2015.05.21,1658.93,0.506491696807787
2015.05.22,1656.21,-0.16396110746083
2015.05.26,1651.1,-0.308535753316319
2015.05.27,1659.02,0.479680213191203
2015.05.28,1651.57,-0.44906028860412
2015.06.01,1659.28,0.466828532850561
2015.06.02,1660.74,0.0879899715539256
2015.06.03,1663.02,0.137288196827923
2015.06.04,1658.98,-0.242931534196822
2015.06.05,1665.19,0.374326393326019
2015.06.08,1659.96,-0.314078273350193
2015.06.09,1660.8,0.0506036290031098
2015.06.10,1655.9,-0.295038535645464
2015.06.11,1655.18,-0.0434808865269698
2015.06.12,1650.76,-0.267040442731303
2015.06.15,1637.42,-0.808112626911239
2015.06.16,1634.67,-0.167947136348645
2015.06.17,1626.56,-0.49612460007219
2015.06.18,1631.7,0.316004328152664
2015.06.19,1636.64,0.30275173132317
2015.06.22,1639.58,0.179636328086796
2015.06.23,1641.95,0.144549213823053
2015.06.24,1645.03,0.187581838667428
2015.06.25,1646.13,0.066868081433169
2015.06.26,1647.23,0.0668233979090216
2015.06.29,1639.12,-0.4923416887745
2015.06.30,1640.85,0.105544438479188
2015.07.01,1644.33,0.212085199744028
2015.07.02,1641.97,-0.143523501973442
2015.07.03,1640.15,-0.110842463626004
2015.07.06,1616.83,-1.42182117489255
2015.07.07,1617.48,0.0402021239091388
2015.07.08,1623.78,0.389494769641652
2015.07.09,1629.1,0.327630590350903
2015.07.10,1629.91,0.0497207046835868
2015.07.13,1622.51,-0.454012798252668
2015.07.14,1629.95,0.458548791686964
2015.07.15,1649.81,1.21844228350563
2015.07.16,1660.4,0.641892096665675
2015.07.20,1665.86,0.328836424957824
2015.07.21,1657.31,-0.513248412231515
2015.07.22,1663.93,0.399442470026745
2015.07.23,1667.32,0.203734532101696
2015.07.24,1667.83,0.0305880095002653
2015.07.27,1646.54,-1.27650899672028
2015.07.28,1660.69,0.859377846878906
2015.07.29,1663.17,0.149335517164562
2015.07.30,1659.77,-0.204428891815034
2015.07.31,1658.25,-0.0915789537104472
2015.08.04,1657.82,-0.0259309513040873
2015.08.05,1657.18,-0.0386049148882184
2015.08.06,1659.44,0.136376253635695
2015.08.07,1651.58,-0.473653762715143
2015.08.10,1659.06,0.452899647610172
2015.08.11,1657.86,-0.0723301146432376
2015.08.12,1662.63,0.287720314139928
2015.08.13,1667.96,0.320576436128306
2015.08.14,1680.38,0.744622173193599
2015.08.17,1682.57,0.130327663980756
2015.08.18,1683.84,0.0754797720154299
2015.08.19,1691.54,0.457288103382747
2015.08.20,1689.58,-0.115870745001601
2015.08.21,1685.91,-0.217213745427847
2015.08.24,1680.26,-0.335130582296805
2015.08.25,1677.32,-0.174972920857486
2015.08.26,1671.64,-0.33863544225311
2015.08.27,1674.44,0.167500179464475
2015.08.31,1666.37,-0.481952175055556
2015.09.01,1664.98,-0.0834148478429109
2015.09.02,1663.76,-0.0732741534432813
2015.09.03,1662.48,-0.0769341731980511
2015.09.04,1668.52,0.363312641355074
2015.09.07,1666.48,-0.122264042384868
2015.09.09,1666.17,-0.0186020834333389
2015.09.10,1663.86,-0.138641315111909
2015.09.11,1669.87,0.361208274734648
2015.09.14,1670.46,0.0353320917197308
2015.09.15,1666.67,-0.226883612897044
2015.09.16,1673.43,0.405599188801631
2015.09.17,1677.6,0.249188791882538
2015.09.18,1680.26,0.158559847401052
2015.09.21,1687.34,0.421363360432303
2015.09.22,1690.82,0.206241776998106
2015.09.23,1691.13,0.0183342993340663
2015.09.24,1697.51,0.377262540431533
2015.09.25,1706.42,0.524886451331663
2015.09.28,1706.85,0.0251989545363873
2015.09.29,1705.23,-0.0949116794094373
2015.09.30,1704.46,-0.0451551990054089
2015.10.01,1716.49,0.705795383875252
2015.10.02,1720.4,0.227790432801833
2015.10.05,1719.47,-0.054057196000934
2015.10.06,1708.19,-0.65601609798368
2015.10.07,1706,-0.128205878737142
2015.10.08,1706.53,0.0310668229777322
2015.10.09,1710.61,0.239081645209871
2015.10.13,1709.8,-0.0473515295713156
2015.10.14,1720.83,0.645104690607079
2015.10.15,1714.2,-0.385279196666721
2015.10.16,1702.82,-0.663866526659673
2015.10.19,1696.13,-0.392877696996741
2015.10.20,1691.48,-0.274153514176401
2015.10.21,1696.42,0.292051930853465
2015.10.22,1695.1,-0.077810919465704
2015.10.26,1689.06,-0.356321160993445
2015.10.27,1679.6,-0.56007483452335
2015.10.28,1686.84,0.431055013098347
2015.10.29,1692.65,0.344431007090185
2015.10.30,1727.91,2.08312409535345
2015.11.02,1736.15,0.476876689179417
2015.11.03,1740.56,0.254010310169051
2015.11.04,1734.69,-0.337247782322925
2015.11.05,1730.06,-0.266906478967432
2015.11.06,1722.15,-0.457209576546469
2015.11.09,1712.92,-0.535957959527333
2015.11.10,1711.19,-0.100997127711744
2015.11.11,1720.17,0.524781000356489
2015.11.12,1725.58,0.31450379904312
2015.11.13,1717.9,-0.445067745337791
2015.11.16,1723.53,0.327725711624649
2015.11.17,1712.02,-0.667815471735334
2015.11.18,1717.64,0.328267193140275
2015.11.19,1728.88,0.654386250902395
2015.11.20,1758.65,1.7219240201749
2015.11.23,1763.48,0.274642481448839
2015.11.24,1788.17,1.40007258375485
2015.11.25,1778.73,-0.527914012649811
2015.11.26,1768.75,-0.561074474484602
2015.11.27,1771.14,0.135123674911664
2015.11.30,1766.59,-0.256896688008867
2015.12.01,1772.76,0.349260439603993
2015.12.03,1770.58,-0.122972088720419
2015.12.04,1770.45,-0.00734222684091179
2015.12.07,1768.9,-0.0875483634104279
2015.12.09,1770.11,0.0684040929391117
2015.12.10,1767.96,-0.121461378106436
2015.12.11,1771.11,0.178171451842801
2015.12.14,1778.71,0.429109428550456
2015.12.15,1783.66,0.278291570857525
2015.12.16,1782.51,-0.0644741710864261
2015.12.17,1778.09,-0.247964948303236
2015.12.18,1784.1,0.33800313819885
2015.12.21,1777.96,-0.344151112605784
2015.12.22,1791.04,0.735674593354174
2015.12.23,1793.79,0.153542076112201
2015.12.24,1796.11,0.12933509496651
2015.12.25,1799.47,0.187070947770462
2015.12.28,1807.97,0.472361306384661
2015.12.29,1820,0.665387146910623
2015.12.30,1833.26,0.728571428571434
2016.01.04,1832.35,-0.0496383491703334
2016.01.05,1827.3,-0.275602368543126
2016.01.08,1823.42,-0.21233513927652
2016.01.11,1823.04,-0.0208399600750253
2016.01.12,1820.74,-0.12616289275057
2016.01.13,1819.06,-0.0922701758625633
2016.01.14,1818.26,-0.0439787582597551
2016.01.15,1819.55,0.070946949281181
2016.01.18,1778.74,-2.24286224615976
2016.01.20,1803.55,1.39480756040793
2016.01.21,1816.52,0.71913725707633
2016.01.22,1809.15,-0.405720828837552
2016.01.25,1805.36,-0.209490644777943
2016.01.26,1805.9,0.0299109318917079
2016.01.27,1810.33,0.245307049116783
2016.01.28,1807.66,-0.147486922273832
2016.01.29,1834.08,1.46155803635639
2016.02.01,1835.94,0.101413242606663
2016.02.02,1825.57,-0.56483327341853
2016.02.03,1824.55,-0.0558729602261221
2016.02.04,1827.61,0.167712586665192
2016.02.05,1810.38,-0.942761311220652
2016.02.08,1808.97,-0.0778842011069592
2016.02.09,1817.59,0.476514259495731
2016.02.10,1808.87,-0.479756160630285
2016.02.11,1807.42,-0.080160542216956
2016.02.12,1815.93,0.470836883513526
2016.02.15,1798.28,-0.971953764737632
2016.02.16,1787.65,-0.591120403941536
2016.02.17,1782.59,-0.283053170363334
2016.02.18,1793.79,0.628299272406996
2016.02.19,1803.33,0.531834830164057
2016.02.22,1804.35,0.0565620269168621
2016.02.23,1800.95,-0.188433507911434
2016.02.24,1793.89,-0.39201532524501
2016.02.25,1786.78,-0.396345372347251
2016.02.26,1795.35,0.47963375457527
2016.02.29,1807.54,0.67897624418638
2016.03.01,1808.78,0.06860152472421
2016.03.02,1812.36,0.19792346222316
2016.03.03,1792.24,-1.1101547153987
2016.03.04,1803.81,0.645560862384498
2016.03.07,1806.4,0.14358496737461
2016.03.08,1798.35,-0.445637732506654
2016.03.09,1798.72,0.0205744154363696
2016.03.10,1804.11,0.299657534246567
2016.03.11,1807.37,0.180698516165867
2016.03.14,1802.27,-0.282177971306363
2016.03.15,1806.46,0.232484588879589
2016.03.16,1804.42,-0.112928047119776
2016.03.17,1802.48,-0.107513771738288
2016.03.18,1800.26,-0.123163641205448
2016.03.21,1791.05,-0.511592769933233
2016.03.22,1795.17,0.230032662404733
2016.03.23,1795.76,0.0328659681255727
2016.03.24,1789.72,-0.336347841582396
2016.03.25,1778.98,-0.600093869432095
2016.03.28,1780.19,0.0680165038392744
2016.03.29,1776.18,-0.225256854605405
2016.03.30,1775.75,-0.0242092580706954
2016.03.31,1781.03,0.297339152470788
2016.04.01,1785.69,0.261646350707179
2016.04.04,1782.41,-0.183682498081972
2016.04.05,1768.26,-0.793868975151624
2016.04.06,1763.67,-0.259577211496043
2016.04.07,1764.83,0.0657719414629554
2016.04.08,1762.05,-0.157522254268117
2016.04.11,1767.3,0.297948412360594
2016.04.12,1760.53,-0.383070220109771
2016.04.13,1767.74,0.409535764798097
2016.04.14,1762.74,-0.282847025014987
2016.04.15,1757.82,-0.279110929575555
2016.04.18,1766.73,0.50687783732124
2016.04.19,1773.2,0.366213286693506
2016.04.20,1757.9,-0.862846830588759
2016.04.21,1748.41,-0.539848683087774
2016.04.22,1751.6,0.182451484491608
2016.04.25,1748.89,-0.154715688513352
2016.04.26,1744.5,-0.251016358947687
2016.04.27,1738.21,-0.360561765548861
2016.04.28,1746.42,0.472324977994609
2016.05.03,1744.36,-0.1179555891481
2016.05.04,1746.55,0.125547478731458
2016.05.05,1747.09,0.030918095674326
2016.05.06,1740.87,-0.356020582797678
2016.05.09,1747.82,0.399225674519066
2016.05.10,1741.47,-0.363309722969174
2016.05.11,1742.83,0.0780949427782174
2016.05.12,1741.17,-0.0952473850002522
2016.05.13,1744.11,0.1688519788418
2016.05.16,1744.89,0.0447219498770357
2016.05.17,1751.38,0.371943217050941
2016.05.18,1755.13,0.214116867841363
2016.05.19,1747.75,-0.420481673722184
2016.05.20,1744.45,-0.188814189672437
2016.05.23,1736.32,-0.46604947118003
2016.05.25,1733.83,-0.143406745300401
2016.05.26,1732.19,-0.0945882814347376
2016.05.27,1727.81,-0.252859097443126
2016.05.30,1727.79,-0.00115753468262758
2016.05.31,1710.98,-0.972919162629715
2016.06.01,1707.13,-0.225017241580838
2016.06.02,1701.46,-0.332136392659033
2016.06.03,1703.96,0.146932634325814
2016.06.06,1707.94,0.233573558064748
2016.06.07,1708.38,0.0257620291110872
2016.06.08,1710.48,0.122923471358827
2016.06.09,1725.68,0.888639446237316
2016.06.10,1753.38,1.60516434101341
2016.06.13,1776.22,1.30262692627952
2016.06.14,1746.18,-1.69123194198917
2016.06.15,1739.45,-0.385412729500967
2016.06.16,1727.88,-0.665152778177003
2016.06.20,1730.06,0.126166168946917
2016.06.21,1726.46,-0.208085268718994
2016.06.22,1732.58,0.354482582857396
2016.06.23,1720.13,-0.718581537360463
2016.06.24,1711.56,-0.498218157929931
2016.06.27,1711.81,0.0146065577601773
2016.06.28,1707.56,-0.248275217459881
2016.06.29,1702.29,-0.308627515284965
2016.06.30,1706.97,0.274923779144576
2016.07.01,1728.36,1.25309759398231
2016.07.04,1759.69,1.81270105765003
2016.07.06,1780.16,1.16327307650779
2016.07.07,1784.57,0.247730541074942
2016.07.08,1793.98,0.527297892489509
2016.07.11,1793.79,-0.0105909764880341
2016.07.12,1805.97,0.679009248574247
2016.07.13,1817.66,0.647297574156824
2016.07.14,1818.03,0.0203558421266736
2016.07.15,1808.22,-0.539595056187192
2016.07.18,1796.63,-0.640961829865827
2016.07.19,1805.53,0.495371890706475
2016.07.20,1804.85,-0.0376620715247134
2016.07.21,1815.06,0.565697980441593
2016.07.22,1837.29,1.22475290073056
2016.07.25,1839.29,0.108855978098177
2016.07.26,1836.77,-0.137009389492682
2016.07.27,1841.97,0.283105669191031
2016.07.28,1849.89,0.429974429550972
2016.07.29,1855.39,0.297314975485019
2016.08.01,1856.03,0.0344940955809836
2016.08.03,1856.49,0.0247840821538503
2016.08.04,1864.35,0.423379603445206
2016.08.05,1861.68,-0.143213452409674
2016.08.08,1862.97,0.0692922521593475
2016.08.09,1867.65,0.251211774746785
2016.08.10,1871.65,0.214172891066311
2016.08.11,1879.88,0.439718964549996
2016.08.12,1888.82,0.475562269932106
2016.08.15,1890.2,0.0730614881248703
2016.08.16,1887.71,-0.131732091842129
2016.08.17,1901.55,0.733163462608122
2016.08.18,1909.32,0.408614025400333
2016.08.19,1919.18,0.516414220769712
2016.08.22,1918.82,-0.0187580112339658
2016.08.23,1925.38,0.341876778436756
2016.08.24,1931.6,0.323053111593552
2016.08.25,1946.83,0.788465520811754
2016.08.26,1955.13,0.426334091831349
2016.08.29,1962.93,0.398950453422531
2016.08.30,1958.3,-0.235871885395822
2016.08.31,1964.31,0.306898840831327
2016.09.01,1988.07,1.20958504513036
2016.09.02,1983.77,-0.216290170869238
2016.09.05,1975.65,-0.409321645150385
2016.09.06,1962.15,-0.683319413863792
2016.09.07,1973.53,0.579976046683473
2016.09.09,1966.37,-0.362801680237956
2016.09.12,1967.74,0.0696715267218373
2016.09.13,1958.64,-0.462459471271604
2016.09.14,1954.49,-0.211881713842266
2016.09.15,1953.1,-0.0711182968447077
2016.09.16,1951.52,-0.0808970354820526
2016.09.19,1947.24,-0.219316225301303
2016.09.20,1937.2,-0.515601569400792
2016.09.21,1931.33,-0.303014660334511
2016.09.22,1928.11,-0.166724485199321
2016.09.23,1939.57,0.594364429415339
2016.09.26,1945.81,0.321720793784186
2016.09.27,1949.22,0.175248354155855
2016.09.28,1949.1,-0.00615630867731865
2016.09.29,1945.69,-0.174952542198958
2016.09.30,1954.4,0.447656101434446
2016.10.03,1961.23,0.349467867376174
2016.10.04,1962.17,0.0479291057142728
2016.10.05,1973.66,0.585576173318314
2016.10.06,1967.3,-0.322243952859158
2016.10.07,1970.4,0.157576373710167
2016.10.10,1977.51,0.360840438489651
2016.10.12,1989.26,0.594181571774599
2016.10.13,1989.44,0.00904859093331378
2016.10.14,1983.74,-0.286512787518101
2016.10.17,1989.27,0.27876637059292
2016.10.18,1994.38,0.256878151281637
2016.10.19,2018.44,1.20638995577573
2016.10.20,2031.5,0.647034343354269
2016.10.21,2033.9,0.118139305931586
2016.10.25,2032.63,-0.0624416146319917
2016.10.26,2039.61,0.3433974702725
2016.10.27,2046.98,0.361343590196173
2016.10.28,2059.35,0.604304878406237
2016.10.31,2078.84,0.946415130987943
2016.11.01,2091.13,0.591195089569174
2016.11.02,2083.3,-0.37443870060685
2016.11.03,2078.05,-0.252004032064512
2016.11.04,2081.4,0.16120882558166
2016.11.07,2095.7,0.687037570865745
2016.11.08,2101.15,0.260056305768974
2016.11.09,2105.26,0.195607167503509
2016.11.10,2101.76,-0.166250249375377
2016.11.11,2108.37,0.314498325213131
2016.11.14,2135.62,1.29246764087898
2016.11.15,2149.4,0.645245877075529
2016.11.16,2179.79,1.4138829440774
2016.11.17,2215.81,1.65245275921075
2016.11.18,2266.87,2.30434919961549
2016.11.21,2253.39,-0.594652538522278
2016.11.22,2232.33,-0.934591881565106
2016.11.23,2224.27,-0.36105772892
2016.11.24,2230.99,0.302121594950244
2016.11.25,2224.41,-0.294936328715056
2016.11.28,2234.58,0.457199886711535
2016.11.29,2206.82,-1.24229161632162
2016.12.01,2206.21,-0.0276415838174393
2016.12.02,2197.59,-0.390715299087574
2016.12.05,2207.24,0.439117396784638
2016.12.06,2208.5,0.0570848661677115
2016.12.07,2209.82,0.0597690740321566
2016.12.09,2204.69,-0.232145604619383
2016.12.12,2198.87,-0.263982691444153
2016.12.13,2183.11,-0.716731775866686
2016.12.14,2175.64,-0.342172405421637
2016.12.15,2158.42,-0.791491239359443
2016.12.16,2129.48,-1.34079558195347
2016.12.19,2112,-0.82085767417398
2016.12.20,2121.78,0.463068181818183
2016.12.21,2157.81,1.6981025365495
2016.12.22,2162.52,0.218276864042721
2016.12.23,2167.84,0.246009285463256
2016.12.26,2163.16,-0.215883091003044
2016.12.27,2169.93,0.312968065237884
2016.12.28,2148.57,-0.984363550897938
2016.12.29,2134.91,-0.635771699316301
2017.01.03,2137.32,0.112885320692691
2017.01.04,2142.32,0.23393782868264
2017.01.05,2142.71,0.018204563277191
2017.01.09,2179.36,1.7104507842872
2017.01.10,2196.87,0.803446883488723
2017.01.11,2200.66,0.172518173583325
2017.01.12,2205.52,0.220842838057678
2017.01.13,2202.66,-0.129674634553312
2017.01.16,2218.14,0.702786630710151
2017.01.17,2225.03,0.310620610060686
2017.01.18,2214.53,-0.471903749612368
2017.01.20,2213.29,-0.0559938226169954
2017.01.23,2221.96,0.391724536775562
2017.01.24,2225.6,0.163819330681014
2017.01.25,2231.72,0.27498202731846
2017.01.26,2223.6,-0.36384492678293
2017.01.27,2236.37,0.574293937758585
2017.01.30,2243.88,0.335812052567341
2017.01.31,2230.32,-0.604310390929996
2017.02.01,2227.68,-0.118368664586266
2017.02.02,2233.71,0.270685197155784
2017.02.03,2247.81,0.631236821252523
2017.02.06,2248.63,0.0364799515973457
2017.02.07,2238.16,-0.465616842255079
2017.02.08,2261.1,1.02494906530364
2017.02.09,2292.76,1.40020344080316
2017.02.10,2292.99,0.0100315776618398
2017.02.13,2293.13,0.00610556522271377
2017.02.14,2305.72,0.549031236781161
2017.02.15,2296.84,-0.385129157052877
2017.02.16,2300.31,0.151077132059685
2017.02.17,2292.48,-0.340388904104227
2017.02.20,2276.06,-0.716254885538803
2017.02.21,2277.45,0.0610704462975509
2017.02.22,2275.33,-0.0930865661156077
2017.02.23,2279.83,0.197773509776611
2017.02.24,2279.65,-0.00789532552865069
2017.02.27,2273.45,-0.271971574583829
2017.02.28,2296.91,1.03191185203106
2017.03.01,2307.45,0.45887736132455
2017.03.02,2309.87,0.104877678822946
2017.03.03,2311.92,0.0887495833098884
2017.03.06,2304.62,-0.315754870410745
2017.03.07,2298.9,-0.248197099738778
2017.03.08,2290.4,-0.369742050545918
2017.03.09,2271.15,-0.840464547677267
2017.03.10,2244.91,-1.15536182110386
2017.03.13,2243.09,-0.0810722924304175
2017.03.14,2250.3,0.321431596592192
2017.03.15,2274.8,1.08874372305914
2017.03.16,2272.62,-0.0958326006681998
2017.03.17,2274.51,0.0831639253372929
2017.03.20,2277.08,0.112991369569704
2017.03.21,2281.14,0.178298522669373
2017.03.22,2283.27,0.0933743654488506
2017.03.23,2277.06,-0.271978346844659
2017.03.24,2264.05,-0.571350776878943
2017.03.27,2263.02,-0.0454936949272455
2017.03.28,2257.52,-0.243038064179724
2017.03.29,2256.86,-0.0292356213898337
2017.03.30,2254.78,-0.092163448330862
2017.03.31,2251.09,-0.163652329717312
2017.04.03,2251.37,0.0124384187215831
2017.04.04,2255.07,0.164344376979364
2017.04.05,2256.41,0.0594216587511465
2017.04.06,2262.11,0.252613665069745
2017.04.07,2267.47,0.236946921237235
2017.04.10,2265.95,-0.0670350655135432
2017.04.11,2249.27,-0.736115095213918
2017.04.12,2249.21,-0.0026675321326497
2017.04.13,2247.61,-0.0711360877819312
2017.04.18,2248.66,0.0467162897477724
2017.04.19,2235.69,-0.576787953714653
2017.04.20,2238.66,0.132844893522788
2017.04.21,2206.78,-1.42406618244841
2017.04.24,2208.59,0.0820199566789581
2017.04.25,2182.14,-1.19759665669048
2017.04.26,2189.97,0.358822073744114
2017.04.27,2193.48,0.160276168166695
2017.04.28,2174.33,-0.87304192424823
2017.05.02,2184.21,0.454392847451857
2017.05.03,2185.01,0.0366265148497691
2017.05.04,2185.42,0.0187642161820767
2017.05.05,2186.84,0.0649760686733059
2017.05.08,2189.9,0.139927932541939
2017.05.09,2192.41,0.114617105803916
2017.05.10,2230.03,1.7159199237369
2017.05.11,2222.56,-0.334973072111144
2017.05.12,2207.5,-0.677597005255204
2017.05.15,2211.92,0.200226500566258
2017.05.16,2199.56,-0.55879055300373
2017.05.17,2193.75,-0.264143737838474
2017.05.18,2211.4,0.80455840455842
2017.05.19,2273.34,2.80094058062765
2017.05.22,2288.31,0.65850246773469
2017.05.23,2276.72,-0.506487320336846
2017.05.25,2267.25,-0.415949260339432
2017.05.26,2262.52,-0.208622780901979
2017.05.29,2250.75,-0.52021639587716
2017.05.30,2251.06,0.0137731867155377
2017.05.31,2258.63,0.336286016365639
2017.06.01,2285.21,1.17681957646891
2017.06.05,2288.31,0.135654928868667
2017.06.06,2284.72,-0.156884338223406
2017.06.07,2283.03,-0.0739696768093934
2017.06.08,2288.21,0.226891455653222
2017.06.09,2290.7,0.108818683599843
2017.06.12,2297.22,0.284629152660765
2017.06.13,2286.26,-0.47709840589929
2017.06.14,2290.61,0.19026707373615
2017.06.15,2287.73,-0.125730700555748
2017.06.16,2274.25,-0.589230372465288
2017.06.19,2279.03,0.210179179949432
2017.06.20,2278.87,-0.00702053066437003
2017.06.21,2280.39,0.0666997239860079
2017.06.22,2275.23,-0.226277084182958
2017.06.23,2279.43,0.184596722089636
2017.06.27,2285.85,0.281649359708358
2017.06.28,2272.3,-0.592777303847569
2017.06.29,2274.15,0.081415306077548
2017.06.30,2282.34,0.360134555768088
2017.07.03,2274.85,-0.328171963861657
2017.07.04,2264.67,-0.447502033101077
2017.07.05,2264.7,0.00132469631335397
2017.07.06,2262.65,-0.0905197156356175
2017.07.07,2269.55,0.304952157867988
2017.07.10,2285.14,0.686920314599804
2017.07.11,2291.6,0.282696027376872
2017.07.12,2330.31,1.68921277709897
2017.07.13,2352.61,0.956954224974371
2017.07.14,2358.72,0.259711554401276
2017.07.17,2366.38,0.32475240808576
2017.07.18,2367.26,0.0371876030054397
2017.07.19,2397.84,1.29178881914112
2017.07.20,2430.7,1.37040002669067
2017.07.21,2512.13,3.35006376763896
2017.07.24,2577.2,2.59023219339762
2017.07.25,2570.82,-0.247555486574569
2017.07.26,2539.34,-1.22451202340109
2017.07.27,2517.02,-0.878968550883308
2017.07.28,2483.44,-1.33411732922265
2017.07.31,2501.16,0.713526398866082
2017.08.01,2515.45,0.571334900606124
2017.08.03,2514.64,-0.032200997833387
2017.08.04,2528.55,0.553160690993559
2017.08.07,2563.92,1.3988254137747
2017.08.08,2577.1,0.514056600829971
2017.08.09,2587.53,0.404718482014688
2017.08.10,2597.23,0.374874880677711
2017.08.11,2605.36,0.313025800564448
2017.08.14,2609.74,0.168114962999333
2017.08.15,2600.48,-0.354824618544369
2017.08.16,2602.69,0.0849843105888093
2017.08.17,2613.81,0.427250267991952
2017.08.18,2621.43,0.291528458457191
2017.08.21,2614.16,-0.277329549139205
2017.08.22,2622.02,0.300670196162445
2017.08.23,2642.55,0.782984111486562
2017.08.24,2640.47,-0.0787118502961315
2017.08.25,2639.17,-0.0492336591591536
2017.08.29,2636.09,-0.116703357494963
2017.08.30,2637.96,0.0709383973991784
2017.08.31,2647.85,0.374910916010851
2017.09.01,2637.36,-0.396170477934921
2017.09.04,2637.39,0.00113750113748257
2017.09.05,2647,0.364375386272031
2017.09.06,2662.67,0.591990933131847
2017.09.07,2656.7,-0.224211036290645
2017.09.11,2660.83,0.15545601686302
2017.09.12,2662.58,0.0657689517932436
2017.09.13,2665.26,0.100654252642185
2017.09.14,2665.7,0.0165087083436433
2017.09.15,2664.68,-0.0382638706531102
2017.09.18,2668.49,0.14298152123331
2017.09.19,2668.11,-0.0142402632200112
2017.09.20,2676.32,0.307708452799926
2017.09.21,2698.53,0.829870867459803
2017.09.22,2677.81,-0.767825445705639
2017.09.25,2689.82,0.448500827168474
2017.09.26,2684.34,-0.20373110468358
2017.09.27,2696.55,0.454860412615399
2017.09.28,2704.71,0.302608889136113
2017.09.29,2688.66,-0.593409274931511
2017.10.02,2682.06,-0.245475441297893
2017.10.03,2661.16,-0.779251769162515
2017.10.04,2619.77,-1.55533677043094
2017.10.05,2606.91,-0.490882787420277
2017.10.06,2628.97,0.846212565834636
2017.10.09,2640.56,0.440857065694944
2017.10.10,2647.35,0.257142424334234
2017.10.12,2643.88,-0.131074470697101
2017.10.13,2653.48,0.363102712679853
2017.10.16,2659.71,0.234786016853339
2017.10.17,2657.34,-0.0891074590838814
2017.10.18,2656.09,-0.0470395207237351
2017.10.19,2636.62,-0.733032389715715
2017.10.20,2630.33,-0.238563008700532
2017.10.24,2633.57,0.123178460497364
2017.10.25,2601.05,-1.23482573085204
2017.10.26,2614.63,0.522096845504705
2017.10.27,2619.9,0.201558155456039
2017.10.30,2621.06,0.0442764991030131
2017.10.31,2623.29,0.0850800821041942
2017.11.01,2622.02,-0.0484124896599325
2017.11.02,2623.54,0.0579705723068535
2017.11.03,2620.44,-0.118160958094782
2017.11.06,2608.12,-0.470150051136453
2017.11.07,2600.34,-0.298299158014193
2017.11.08,2600.66,0.0123060830506727
2017.11.09,2592.88,-0.299154829927772
2017.11.10,2589.69,-0.123029218475212
2017.11.13,2589.35,-0.0131289845502813
2017.11.14,2590.82,0.0567710043060998
2017.11.15,2595.99,0.199550721393216
2017.11.16,2590.82,-0.199153309527367
2017.11.17,2584.45,-0.245868103534797
2017.11.20,2550.26,-1.32291203157343
2017.11.21,2541.6,-0.339573219985423
2017.11.22,2516.76,-0.97733711048158
2017.11.23,2512.3,-0.177211970946778
2017.11.24,2489.19,-0.919874218843297
2017.11.27,2492.49,0.132573246718803
2017.11.28,2506.37,0.556872846029477
2017.11.29,2520.58,0.566955397646796
2017.11.30,2543.55,0.91129819327298
2017.12.01,2521.96,-0.848813665939341
2017.12.04,2530.84,0.352107091309928
2017.12.05,2513.31,-0.692655402949227
2017.12.06,2502.26,-0.439659254130997
2017.12.07,2505.56,0.131880779775062
2017.12.11,2504.61,-0.037915675537592
2017.12.12,2506.47,0.0742630589193327
2017.12.13,2499.28,-0.286857612498836
2017.12.14,2499,-0.0112032265292439
2017.12.15,2499.47,0.0188075230092011
2017.12.18,2502.28,0.112423833852793
2017.12.19,2498.13,-0.165848745943697
2017.12.20,2501.92,0.151713481684301
2017.12.21,2499.56,-0.0943275564366575
2017.12.22,2498.78,-0.0312054921666083
2017.12.25,2501.06,0.0912445273293372
2017.12.26,2498.51,-0.10195677032937
2017.12.27,2501.22,0.108464644928352
2017.12.28,2538.86,1.50486562557473
2018.01.02,2544.35,0.216238784336276
2018.01.03,2560.3,0.626879163637084
2018.01.04,2583.91,0.922157559660963
2018.01.05,2606.75,0.883931715887942
2018.01.09,2605.21,-0.0590773952239387
2018.01.10,2606.49,0.0491323156290635
2018.01.11,2629.09,0.867066438006692
2018.01.12,2647.71,0.708229843786246
2018.01.15,2649.72,0.0759146583273695
2018.01.16,2660.37,0.401929260450173
2018.01.17,2687.53,1.02091062521379
2018.01.18,2698.21,0.397390912845608
2018.01.22,2688.77,-0.349861574895949
2018.01.23,2682.28,-0.241374308698761
2018.01.24,2687.7,0.202066898310371
2018.01.25,2714.42,0.994158574245652
2018.01.26,2771.16,2.09031763691689
2018.01.29,2787.37,0.584953593441018
2018.01.30,2807.64,0.727208802562984
2018.01.31,2824.49,0.600148167143932
2018.02.01,2840.13,0.553728283690158
2018.02.02,2841.6,0.0517581941671619
2018.02.05,2828.76,-0.451858108108094
2018.02.06,2792.95,-1.26592570596306
2018.02.07,2748.36,-1.5965198088043
2018.02.08,2746.9,-0.0531225894715437
2018.02.09,2743.41,-0.127052313517062
2018.02.12,2752.54,0.332797503836479
2018.02.13,2778.13,0.929686762045234
2018.02.14,2766.24,-0.427985731409264
2018.02.15,2765.59,-0.023497599629807
2018.02.16,2763.32,-0.0820801347994449
2018.02.19,2768.91,0.202292894054956
2018.02.20,2754.63,-0.515726404975236
2018.02.21,2746.05,-0.311475588373022
2018.02.22,2762.07,0.583383405254812
2018.02.23,2772,0.35951297396517
2018.02.26,2768.82,-0.114718614718612
2018.02.27,2769.34,0.0187805635613714
2018.02.28,2770.24,0.0324987181061109
2018.03.01,2787.79,0.633519117477199
2018.03.02,2793.5,0.204821740518479
2018.03.05,2800.19,0.239484517630206
2018.03.06,2808.62,0.301051000110708
2018.03.07,2834.77,0.931062229849533
2018.03.08,2822.75,-0.424020290887794
2018.03.09,2833.48,0.380125763882733
2018.03.12,2842.81,0.329277072716239
2018.03.13,2840.53,-0.0802023350135905
2018.03.14,2868.62,0.988899958810485
2018.03.15,2872.43,0.132816476215036
2018.03.16,2864.01,-0.293131599377516
2018.03.19,2855.5,-0.297135834022932
2018.03.20,2851.02,-0.15689021187183
2018.03.21,2832.14,-0.662219135607611
2018.03.22,2827.09,-0.178310394260162
2018.03.23,2810.17,-0.598495272524047
2018.03.26,2807.01,-0.11244871306717
2018.03.27,2801.25,-0.205200551476492
2018.03.28,2785.5,-0.562248995983938
2018.03.29,2758.03,-0.986178423981321
2018.03.30,2766.11,0.292962730644697
2018.04.02,2787.32,0.766780786013577
2018.04.03,2777.21,-0.36271400485054
2018.04.04,2813.82,1.31822944609878
2018.04.05,2803.73,-0.358587258602194
2018.04.10,2793.69,-0.358094395680042
2018.04.11,2776.23,-0.624979865339392
2018.04.12,2769.33,-0.248538485644201
2018.04.13,2770.65,0.0476649586723221
2018.04.16,2783.62,0.468121198996618
2018.04.17,2782.45,-0.0420315991406905
2018.04.18,2755.4,-0.972164818774812
2018.04.19,2763.64,0.2990491398708
2018.04.20,2794.18,1.10506433544166
2018.04.23,2794.09,-0.00322098075283828
2018.04.24,2814.92,0.745502113389329
2018.04.25,2812.48,-0.086680971395281
2018.04.26,2825.88,0.476447832517923
2018.04.27,2890.75,2.29556810621823
2018.04.30,2895.03,0.148058462336764
2018.05.02,2937.75,1.47563237686656
2018.05.03,2957.16,0.660709726831743
2018.05.04,2948.59,-0.289805083255545
2018.05.07,2951.38,0.0946214970545256
2018.05.08,2939.24,-0.411333003544112
2018.05.09,2944.92,0.193247233978866
2018.05.10,2934.78,-0.344321747280063
2018.05.11,2935.87,0.0371407737547402
2018.05.14,2937.35,0.0504109514385842
2018.05.15,2936.69,-0.0224692324714448
2018.05.16,2934.46,-0.0759358325189252
2018.05.17,2949.52,0.513211970856653
2018.05.18,2954.68,0.174943719656073
2018.05.21,2945.72,-0.30324772902649
2018.05.22,2925.98,-0.670124791222515
2018.05.23,2928.51,0.0864667564371757
2018.05.28,2923.51,-0.17073528859386
2018.05.29,2925.31,0.0615698253127128
2018.05.30,2942.53,0.588655561290952
2018.05.31,2971.54,0.98588629512697
2018.06.01,3011.6,1.3481225223285
2018.06.04,3037.11,0.847058042236681
2018.06.05,3062.11,0.823150956007512
2018.06.06,3100.91,1.26710013683373
2018.06.07,3148.43,1.53245337658945
2018.06.08,3164.28,0.503425516844924
2018.06.11,3154.33,-0.314447520447003
2018.06.12,3145.96,-0.265349535400539
2018.06.13,3169.36,0.743811110122183
2018.06.14,3182.2,0.40512911124011
2018.06.18,3212.23,0.943686757589091
2018.06.19,3233.73,0.66931695426542
2018.06.20,3308.14,2.3010579114521
2018.06.21,3327.39,0.581897984970414
2018.06.22,3388.52,1.83717568424502
2018.06.25,3491.93,3.05177481614392
2018.06.26,3441.43,-1.44619164759889
2018.06.27,3340.03,-2.9464495863638
2018.06.28,3247.09,-2.78260973703829
2018.06.29,3332.66,2.63528266848161
2018.07.02,3394.48,1.8549747048904
2018.07.03,3423.76,0.862576889538325
2018.07.04,3393.2,-0.892585928920264
2018.07.05,3362.22,-0.913002475539315
2018.07.06,3339.18,-0.685261523636171
2018.07.09,3344.66,0.164112147293638
2018.07.10,3349.45,0.143213360999317
2018.07.11,3369.5,0.598605741241109
2018.07.12,3364.84,-0.138299450957113
2018.07.13,3357.11,-0.229728605223434
2018.07.16,3341.72,-0.458430018676792
2018.07.17,3302.78,-1.1652681852459
2018.07.18,3302.96,0.00544995428093387
2018.07.19,3315.96,0.39358635890232
2018.07.20,3330.13,0.427327229520258
2018.07.23,3329.7,-0.0129124088248944
2018.07.24,3365.17,1.06526113463676
2018.07.25,3379.34,0.421078281334975
2018.07.26,3383.85,0.133458012511323
2018.07.27,3379.84,-0.118504070806913
2018.07.30,3372.96,-0.203559931831099
2018.07.31,3386.62,0.404985531995639
2018.08.01,3388.83,0.0652568047197599
2018.08.03,3370.8,-0.532042032205793
2018.08.06,3354.65,-0.479114750207665
2018.08.07,3355.67,0.0304055564664063
2018.08.08,3381.35,0.76527191291158
2018.08.09,3383.75,0.0709775681310809
2018.08.10,3375.88,-0.232582194311037
2018.08.13,3368.09,-0.230754647677045
2018.08.14,3365.46,-0.0780857993699757
2018.08.15,3384.71,0.571987187487011
2018.08.16,3376.43,-0.244629525129192
2018.08.17,3351.49,-0.738649994224672
2018.08.20,3356,0.134567013477604
2018.08.21,3349.96,-0.179976162097739
2018.08.22,3353.69,0.111344613070008
2018.08.23,3362.21,0.254048525653827
2018.08.24,3366.6,0.13056888177716
2018.08.27,3379.52,0.383769975643089
2018.08.29,3387.48,0.235536407537174
2018.08.30,3390.45,0.0876757943958362
2018.08.31,3383.38,-0.208526891710537
2018.09.03,3382.2,-0.0348763662373242
2018.09.04,3407.52,0.748625155224425
2018.09.05,3414.01,0.190461097807204
2018.09.06,3423.31,0.272406934953318
2018.09.07,3417.56,-0.1679660912976
2018.09.10,3426.63,0.265394023806453
2018.09.11,3419.78,-0.199904862795219
2018.09.12,3423.87,0.119598336735094
2018.09.13,3424.26,0.0113906193868418
2018.09.14,3430.57,0.18427339045517
2018.09.17,3429.79,-0.0227367463715988
2018.09.18,3431.23,0.0419850778035968
2018.09.19,3440.5,0.270165509161435
2018.09.20,3439.43,-0.0311001307949477
2018.09.21,3431.76,-0.223002067202982
2018.09.24,3438.99,0.210679068466324
2018.09.25,3442.47,0.101192501286707
2018.09.26,3466.89,0.709374373632898
2018.09.27,3494.58,0.79869854538217
2018.09.28,3530.08,1.0158588442674
2018.10.01,3450.55,-2.25292344649413
2018.10.02,3462.45,0.344872556548936
2018.10.03,3431.65,-0.889543531314518
2018.10.04,3375.02,-1.6502265673947
2018.10.05,3310.73,-1.90487760072533
2018.10.08,3266.96,-1.3220649222377
2018.10.09,3342.45,2.31071087494184
2018.10.10,3395.04,1.57339675986179
2018.10.12,3379.21,-0.466268438663464
2018.10.15,3344.73,-1.02035682896299
2018.10.16,3350.36,0.168324498539496
2018.10.17,3384.08,1.00645900739025
2018.10.18,3426.34,1.24878844471763
2018.10.19,3482.07,1.62651692476521
2018.10.22,3687.76,5.90711846688894
2018.10.24,3635.54,-1.41603575069962
2018.10.25,3582.81,-1.45040351639646
2018.10.26,3550.28,-0.907946555915606
2018.10.29,3553.75,0.0977387698998244
2018.10.30,3556.26,0.0706296166021803
2018.10.31,3564.5,0.23170409362645
2018.11.01,3577.4,0.361902090054711
2018.11.02,3582.2,0.134175658299318
2018.11.05,3581.64,-0.0156328513204129
2018.11.06,3580.05,-0.0443930713304397
2018.11.07,3572.04,-0.223739891900954
2018.11.08,3580.86,0.246917727685014
2018.11.09,3580.86,0
2018.11.12,3580.56,-0.00837787570584503
2018.11.13,3617.72,1.03782648524253
2018.11.14,3615.53,-0.060535364815395
2018.11.15,3585.82,-0.821732913293483
2018.11.16,3574.77,-0.308158245533807
2018.11.19,3560,-0.413173434934278
2018.11.20,3523.29,-1.0311797752809
2018.11.21,3521.65,-0.0465474031374091
2018.11.22,3474.33,-1.34368832791447
2018.11.23,3464.16,-0.29271830827815
2018.11.26,3493.91,0.858794051083089
2018.11.27,3480.29,-0.389821145936786
2018.11.28,3472.03,-0.237336543793754
2018.11.29,3479.04,0.201899177138443
2018.11.30,3468.52,-0.302382266372336
2018.12.03,3474.96,0.185669968747471
2018.12.04,3471.84,-0.0897852061606419
2018.12.05,3438.38,-0.963754090050228
2018.12.06,3404.84,-0.975459373309517
2018.12.07,3409.37,0.133045899366779
2018.12.10,3440.96,0.926564145281983
2018.12.11,3481.86,1.18862177996839
2018.12.12,3508.89,0.776309214040771
2018.12.13,3503.5,-0.153609831029178
2018.12.14,3467.24,-1.03496503496504
2018.12.17,3467.47,0.0066335183027455
2018.12.18,3469.25,0.051334258119029
2018.12.19,3480.73,0.330907256611668
2018.12.20,3458.28,-0.644979645074451
2018.12.21,3453.37,-0.141978093156148
2018.12.24,3428.09,-0.732038559436132
2018.12.25,3400.71,-0.798695483490808
2018.12.26,3389.02,-0.343751745958931
2018.12.27,3440.88,1.53023587939878
2018.12.28,3469.03,0.818104670898134
2019.01.02,3482.27,0.381662885590495
2019.01.03,3498.15,0.456024374904884
2019.01.04,3529.13,0.885610965796202
2019.01.08,3541.4,0.347677756274201
2019.01.09,3581.93,1.14446264189303
2019.01.10,3576.52,-0.151035894057106
2019.01.11,3599.88,0.653148870969544
2019.01.14,3623.56,0.657799704434581
2019.01.15,3628.65,0.140469593438497
2019.01.16,3623.75,-0.13503644606121
2019.01.17,3621.45,-0.063470162124879
2019.01.18,3599.51,-0.6058346794792
2019.01.21,3588.39,-0.308930937822105
2019.01.22,3593.34,0.137944872212903
2019.01.23,3596.09,0.0765304702588621
2019.01.24,3588.71,-0.205222894866375
2019.01.25,3603.41,0.409617940708484
2019.01.28,3633.5,0.835042362650929
2019.01.29,3620.82,-0.348974817668912
2019.01.30,3614.24,-0.181726791168857
2019.01.31,3617.84,0.0996060029217816
2019.02.01,3624.19,0.175519094266186
2019.02.04,3616.82,-0.203355784326975
2019.02.05,3612.48,-0.119994912658083
2019.02.06,3600.55,-0.330244042873584
2019.02.07,3609.2,0.240241074280312
2019.02.08,3617.09,0.218608001773246
2019.02.11,3616.51,-0.01603498945284
2019.02.12,3620.69,0.115581043602808
2019.02.13,3629.17,0.234209501503857
2019.02.14,3633.77,0.12675074466062
2019.02.15,3635.49,0.0473337608048796
2019.02.18,3648.44,0.356210579591765
2019.02.19,3677.65,0.800616153753375
2019.02.20,3689.43,0.320313243511472
2019.02.21,3703.5,0.381359722233521
2019.02.22,3702.31,-0.032131767247201
2019.02.25,3704.72,0.0650944950584931
2019.02.26,3668.53,-0.976861949081165
2019.02.27,3667.61,-0.025078164823511
2019.02.28,3653.83,-0.375721518918315
2019.03.01,3649.96,-0.105916257735028
2019.03.04,3666.84,0.462470821598049
2019.03.05,3663.29,-0.0968136051750279
2019.03.06,3671.96,0.236672499310742
2019.03.07,3674.25,0.0623645137746598
2019.03.08,3679.02,0.12982241273729
2019.03.11,3674.27,-0.12911046963594
2019.03.12,3672.26,-0.0547047440716097
2019.03.13,3686.18,0.379058127692478
2019.03.14,3691.67,0.14893466949526
2019.03.15,3694.13,0.0666365086803511
2019.03.18,3691.19,-0.0795857211305484
2019.03.19,3690.73,-0.0124621057165819
2019.03.20,3683.56,-0.19427051017008
2019.03.21,3676.76,-0.184604024367718
2019.03.22,3679.25,0.0677226688714949
2019.03.25,3679.43,0.00489230142011188
2019.03.26,3668.58,-0.294882631277127
2019.03.27,3662.02,-0.178815781583064
2019.03.28,3669.86,0.214089491592073
2019.03.29,3664.66,-0.141694778547419
2019.04.01,3665.96,0.0354739593850573
2019.04.02,3660.05,-0.161212888302109
2019.04.03,3657.74,-0.0631138918867347
2019.04.04,3644.24,-0.369080361097285
2019.04.05,3638.97,-0.144611770904224
2019.04.08,3641.48,0.0689755617661048
2019.04.09,3666.11,0.676373342706804
2019.04.10,3677.23,0.303318776577899
2019.04.11,3677.36,0.00353526975467311
2019.04.12,3673.13,-0.115028172384535
2019.04.15,3673.09,-0.00108898949942038
2019.04.16,3676.86,0.102638378041386
2019.04.17,3686.48,0.261636287484435
2019.04.18,3638.03,-1.31426184327597
2019.04.19,3636.93,-0.0302361442868881
2019.04.22,3636.68,-0.00687392938549802
2019.04.23,3635.34,-0.0368467943288819
2019.04.24,3630.96,-0.120483916222425
2019.04.25,3630.37,-0.0162491462313064
2019.04.30,3603.57,-0.738216765784194
2019.05.02,3618.12,0.40376626512042
2019.05.03,3626.36,0.227742584546675
2019.05.06,3642.83,0.454174433867571
2019.05.07,3644.83,0.0549023698607876
2019.05.08,3656.73,0.326489850006717
2019.05.09,3661.28,0.124428109267027
2019.05.10,3703.11,1.14249661320631
2019.05.13,3739.85,0.992139039888085
2019.05.14,3752.55,0.339585812265208
2019.05.15,3764.38,0.315252295105983
2019.05.16,3788.48,0.640211668322532
2019.05.17,3842.94,1.43751583748628
2019.05.20,3897.89,1.42989482011169
2019.05.21,3916.5,0.477437793267632
2019.05.22,3916.9,0.0102132005617372
2019.05.23,3931.82,0.38091347749496
2019.05.27,3920.73,-0.282057673036917
2019.05.28,3928.55,0.199452652949828
2019.05.29,3917.83,-0.272874215677543
2019.05.30,3904.18,-0.348407153960229
2019.05.31,3871.71,-0.831672720007781
2019.06.03,3870.03,-0.0433916796454215
2019.06.05,3879.22,0.23746585943778
2019.06.06,3891.14,0.307278267280542
2019.06.07,3873.24,-0.460019428753533
2019.06.10,3866.2,-0.18175997356219
2019.06.11,3833.05,-0.857431069266967
2019.06.12,3783.43,-1.29453046529527
2019.06.13,3756.38,-0.714959705875351
2019.06.17,3730.3,-0.694285455678068
2019.06.18,3733.46,0.0847116853872398
2019.06.19,3749.31,0.424539167421112
2019.06.20,3789.61,1.07486444172396
2019.06.21,3797.58,0.2103118790588
2019.06.24,3797.24,-0.00895307011307134
2019.06.25,3806.34,0.239647744151017
2019.06.26,3802.21,-0.10850318153397
2019.06.27,3803.14,0.0244594591040537
2019.06.28,3821.61,0.485651330216608
2019.07.01,3830.64,0.236287847268546
2019.07.02,3822.94,-0.20101079715138
2019.07.03,3835.89,0.338744526463919
2019.07.04,3826.48,-0.245314646666084
2019.07.05,3831.64,0.134849783613134
2019.07.08,3823.37,-0.215834472967191
2019.07.09,3831.97,0.224932454876203
2019.07.10,3833.17,0.0313154852465081
2019.07.11,3835.55,0.0620896020786965
2019.07.12,3832.17,-0.0881229549869023
2019.07.15,3840.2,0.20954185226647
2019.07.16,3829.55,-0.277329305765317
2019.07.17,3824.59,-0.129519134101919
2019.07.18,3833.55,0.234273477679969
2019.07.19,3838.13,0.119471508132141
2019.07.22,3837.28,-0.0221462014053708
2019.07.23,3844.38,0.185026894049956
2019.07.24,3839.56,-0.125377824252548
2019.07.25,3845.86,0.164081300982399
2019.07.26,3844.51,-0.0351026818448896
2019.07.29,3856.49,0.311613183474613
2019.07.30,3859.85,0.0871258579693057
2019.07.31,3886.12,0.680596396233013
2019.08.01,3902.59,0.423816042736713
2019.08.05,3925.06,0.575771474841069
2019.08.06,3927.55,0.0634385206850441
2019.08.07,3929.54,0.0506677190615035
2019.08.08,3940.11,0.268988227629707
2019.08.09,3951.86,0.298215024453641
2019.08.12,3953,0.0288471757602826
2019.08.13,3959.7,0.169491525423715
2019.08.14,3950.86,-0.223249236053225
2019.08.15,3942.23,-0.218433454994615
2019.08.16,3919.39,-0.579367515340301
2019.08.19,3931.95,0.320458030458815
2019.08.20,3974.34,1.07809102353795
2019.08.21,3999.51,0.633312700976774
2019.08.22,3999.83,0.00800098012005979
2019.08.23,3995.18,-0.116254940834992
2019.08.26,3991.96,-0.0805971195290245
2019.08.27,3988.62,-0.0836681730277844
2019.08.29,3995.64,0.176000722054237
2019.08.30,4009.16,0.338368822015989
2019.09.02,4020.19,0.275119975256666
2019.09.03,4031.92,0.291777254308867
2019.09.04,4068.59,0.909492251830391
2019.09.05,4083.15,0.357863535033021
2019.09.06,4089.44,0.154047732755358
2019.09.10,4087.3,-0.0523299033608482
2019.09.11,4091.68,0.107161206664541
2019.09.12,4091.89,0.0051323661674374
2019.09.13,4084.65,-0.176935352612118
2019.09.16,4093.56,0.21813374462929
2019.09.17,4109,0.377177811000684
2019.09.18,4116.35,0.17887563884158
2019.09.19,4146.17,0.724428194881388
2019.09.20,4168.9,0.548216788023637
2019.09.23,4252.23,1.99884861714121
2019.09.24,4312.2,1.41031882094806
2019.09.25,4351.9,0.920643754927886
2019.09.26,4348.61,-0.0755991635837172
2019.09.27,4336.64,-0.275260370555175
2019.09.30,4328.09,-0.197157246162927
2019.10.01,4329.82,0.0399714423683362
2019.10.02,4335.92,0.14088345473946
2019.10.03,4315.31,-0.475331648185384
2019.10.04,4326.68,0.263480491552159
2019.10.07,4388.09,1.41933306831104
2019.10.08,4409.89,0.496799290807615
2019.10.09,4440.23,0.687999020383701
2019.10.10,4423.33,-0.380610914299473
2019.10.14,4308.99,-2.58493035789779
2019.10.15,4256.59,-1.21606223268097
2019.10.16,4279.41,0.536109890781122
2019.10.17,4274.24,-0.120811046382563
2019.10.18,4223.74,-1.18149659354646
2019.10.21,4085.03,-3.28405631028424
2019.10.22,4114.99,0.733409546563912
2019.10.24,4268.08,3.72030065686673
2019.10.25,4277.53,0.221411032595453
2019.10.28,4295.15,0.411919963156304
2019.10.29,4291.49,-0.0852123907197577
2019.10.30,4296.93,0.126762499737865
2019.10.31,4273.24,-0.551323852145613
2019.11.01,4261.59,-0.272626859244962
2019.11.04,4269.73,0.191008520294056
2019.11.05,4305.3,0.833073754078151
2019.11.06,4361.91,1.31489094836597
2019.11.07,4379,0.39180083954049
2019.11.08,4374.72,-0.0977392098652552
2019.11.11,4369.59,-0.117264647794602
2019.11.12,4341.63,-0.639876967861974
2019.11.13,4327.72,-0.320386582919319
2019.11.14,4315.56,-0.280979360956801
2019.11.15,4335.23,0.455792527505094
2019.11.18,4327.38,-0.181074591198149
2019.11.19,4335.73,0.192957401476179
2019.11.20,4347.47,0.270773318449269
2019.11.21,4354.43,0.160093111625836
2019.11.22,4384.04,0.679997152325318
2019.11.25,4387.71,0.0837127398472637
2019.11.26,4403.84,0.367617732256687
2019.11.27,4418.53,0.333572518529279
2019.11.28,4447.15,0.64772673264637
2019.11.29,4468.5,0.480082749626165
2019.12.02,4460.21,-0.185520868300326
2019.12.03,4462.06,0.0414778676340433
2019.12.04,4468.91,0.153516537204768
2019.12.05,4476.17,0.162455721865062
2019.12.06,4494.29,0.404810362430386
2019.12.10,4492.47,-0.0404958291520985
2019.12.11,4486.53,-0.132221250225384
2019.12.12,4476.1,-0.232473648900133
2019.12.13,4478.89,0.0623310471169036
2019.12.16,4470.03,-0.197816869804812
2019.12.17,4467.98,-0.0458609897472817
2019.12.18,4481.54,0.303492853593812
2019.12.19,4482.85,0.0292310232643311
2019.12.20,4482.2,-0.0144997044291162
2019.12.23,4460.88,-0.475659274463425
2019.12.24,4492.34,0.705242015028418
2019.12.25,4528.93,0.814497566969563
2019.12.26,4558.72,0.657771261644591
2019.12.27,4608.8,1.09855398006458
2019.12.30,4648.89,0.869857663600082
2020.01.02,4645.17,-0.0800191013338725
2020.01.03,4647.13,0.0421943653300172
2020.01.08,4642.57,-0.0981250793500643
2020.01.09,4698.62,1.20730543642853
2020.01.10,4837.96,2.96555158748739
2020.01.13,4972.27,2.77617012129081
2020.01.14,4949.52,-0.45753750299159
2020.01.15,4918.39,-0.628949877967966
2020.01.16,4868.72,-1.00988331547519
2020.01.17,4872.39,0.0753791550962113
2020.01.20,4906.9,0.708276636311944
2020.01.21,4922.44,0.316696896207391
2020.01.22,4953.26,0.626112253272781
2020.01.23,4948.69,-0.0922624695655072
2020.01.24,4933.48,-0.307354067440069
2020.01.27,4919.07,-0.292085910959405
2020.01.28,4931.8,0.258788754784955
2020.01.29,4921.48,-0.209254227665368
2020.01.30,4901.83,-0.399270138251084
2020.01.31,4919.86,0.36782181348598
2020.02.03,4893.28,-0.540259275670441
2020.02.04,4895.8,0.0514991989013502
2020.02.05,4894.03,-0.0361534376404404
2020.02.06,4917.12,0.471799314675225
2020.02.07,4931.65,0.295498177795128
2020.02.10,4957.04,0.514837833179582
2020.02.11,5002.11,0.909211949066369
2020.02.12,4983.87,-0.36464611933763
2020.02.13,4982.73,-0.0228737908492871
2020.02.14,4984.77,0.0409414116357976
2020.02.17,5000.36,0.312752644555303
2020.02.18,4996.76,-0.0719948163732109
2020.02.19,4989.93,-0.136688574196076
2020.02.20,4997,0.141685354303567
2020.02.21,5000.55,0.0710426255753571
2020.02.24,4987.25,-0.265970743218247
2020.02.25,4903.75,-1.67426938693669
2020.02.26,4747.74,-3.18144277338772
2020.02.27,4637.98,-2.31183678971469
2020.02.28,4673.54,0.766713094924953
2020.03.02,4855.15,3.88591945292005
2020.03.03,4880.64,0.525009525967279
2020.03.04,4953.26,1.4879196170994
2020.03.05,4997.82,0.899609550074088
2020.03.06,4966.1,-0.634676719049487
2020.03.09,4675.18,-5.85811804031332
2020.03.10,4739.38,1.37320915986121
2020.03.11,4673.56,-1.38878925091467
2020.03.12,4235.25,-9.37850375302768
2020.03.13,4304.65,1.63862818015466
2020.03.16,3930.97,-8.68084513258918
2020.03.17,3826.01,-2.67007888638172
2020.03.18,3662,-4.2867112213507
2020.03.19,3545.64,-3.17749863462589
2020.03.20,3655.25,3.09140239843866
2020.03.23,3494.21,-4.40571780315984
2020.03.24,3535.13,1.17108015831906
2020.03.25,3677.48,4.02672603270602
2020.03.26,3482.62,-5.29873717872022
2020.03.27,3256.92,-6.48075299630737
2020.03.30,3385.34,3.94298908170909
2020.03.31,3623.23,7.0270637513514
2020.04.01,3529.17,-2.59602619761925
2020.04.02,3509.6,-0.554521318043622
2020.04.03,3731.41,6.32009345794393
2020.04.06,3890.02,4.25067199798468
2020.04.07,4048.32,4.0693878180575
2020.04.08,4025.96,-0.552327879219039
2020.04.09,4013.4,-0.31197528043001
2020.04.10,4024.94,0.287536751881201
2020.04.13,4017.89,-0.175157890552413
2020.04.14,4034.25,0.407178892403737
2020.04.15,4006.49,-0.688108074611149
2020.04.16,4043.01,0.911521057084896
2020.04.21,4020.29,-0.561957551428272
2020.04.22,3949.54,-1.75982329632937
2020.04.23,4005.86,1.42598884933436
2020.04.24,4088,2.05049602332583
2020.04.27,4185.42,2.38307240704501
2020.04.28,4327,3.38269516559868
2020.04.29,4436.26,2.52507510977582
2020.04.30,4463.98,0.62485066249498
2020.05.04,4340.98,-2.75538868901742
2020.05.05,4276.34,-1.48906468124708
2020.05.06,4308.15,0.743860403990326
2020.05.07,4326.61,0.428490187203323
2020.05.08,4359.33,0.75625027446431
2020.05.11,4371.97,0.289952813849848
2020.05.12,4358.03,-0.318849397411247
2020.05.13,4353.32,-0.108076355601039
2020.05.14,4351.86,-0.0335376218610128
2020.05.15,4322.77,-0.66844981226416
2020.05.18,4299.01,-0.549647563946276
2020.05.19,4301.73,0.0632703808551183
2020.05.20,4314.93,0.306853289258058
2020.05.21,4311.29,-0.0843582630540962
2020.05.22,4318.17,0.159581007076781
2020.05.26,4272.22,-1.06410817545395
2020.05.27,4256,-0.379662096053113
2020.05.28,4276.3,0.476973684210535
2020.05.29,4262.97,-0.31171807403596
2020.06.01,4239.23,-0.556888741886541
2020.06.02,4206.15,-0.780330390188788
2020.06.03,4209.97,0.0908193954091141
2020.06.04,4198.39,-0.275061342479876
2020.06.08,4201.67,0.0781251860832333
2020.06.09,4169.32,-0.769931955627179
2020.06.10,4132.11,-0.892471674037976
2020.06.11,4101.49,-0.741025771337156
2020.06.12,4087.97,-0.329636302904557
2020.06.15,4065.32,-0.554064731394788
2020.06.16,4028.24,-0.912105320122414
2020.06.17,4064.41,0.897910750104258
2020.06.18,4087.57,0.569824402557817
2020.06.19,4089.92,0.0574913701783641
2020.06.22,4067.07,-0.558690634535641
2020.06.23,4119.37,1.28593803401464
2020.06.24,4119.61,0.00582613360780027
2020.06.25,4098.31,-0.517039234296435
2020.06.26,4105.38,0.172510132225234
2020.06.29,4104.2,-0.0287427716800903
2020.06.30,4116.66,0.303591442912143
2020.07.01,4124.75,0.196518536872126
2020.07.02,4125.54,0.0191526759197425
2020.07.03,4129.52,0.0964722193943279
2020.07.06,4126.44,-0.074584939654021
2020.07.07,4137.91,0.277963571504736
2020.07.08,4145.3,0.178592574512271
2020.07.09,4151.15,0.141123682242528
2020.07.10,4155.02,0.093227178010924
2020.07.13,4176.7,0.521778475193857
2020.07.14,4188.84,0.290660090502071
2020.07.16,4194.59,0.137269506593718
2020.07.17,4206.68,0.288228408497626
2020.07.20,4213.9,0.171631785636173
2020.07.21,4199.06,-0.352167825529781
2020.07.22,4233.74,0.825899129805219
2020.07.23,4256.41,0.535460373098018
2020.07.24,4270.89,0.340192791577887
2020.07.27,4294.36,0.549534172034383
2020.07.28,4271.37,-0.535353347180945
2020.07.29,4305.38,0.796231654012658
2020.07.30,4311.51,0.142379998978015
2020.07.31,4289.51,-0.510262065958334
2020.08.04,4283.12,-0.148968063951371
2020.08.05,4268.57,-0.339705635144483
2020.08.06,4247.9,-0.484237109851782
2020.08.07,4267.34,0.457637891664131
2020.08.10,4253.55,-0.323152127554871
2020.08.11,4276.17,0.531791092146561
2020.08.12,4264.36,-0.27618172336461
2020.08.13,4257.48,-0.161337222936153
2020.08.14,4258.32,0.0197299811155904
2020.08.17,4244.05,-0.335108681357899
2020.08.18,4228.5,-0.366395306370104
2020.08.19,4226.19,-0.0546293011706389
2020.08.20,4216.57,-0.227628194662333
2020.08.21,4217.25,0.0161268519199398
2020.08.24,4201.96,-0.362558539332503
2020.08.25,4196.47,-0.130653314167672
2020.08.26,4201.12,0.110807416709746
2020.08.27,4206.48,0.12758502494572
2020.08.31,4207.36,0.0209201042201679
2020.09.01,4207.2,-0.00380285975052352
2020.09.02,4225.46,0.434017874120563
2020.09.03,4254.83,0.695072252488482
2020.09.04,4255.23,0.00940108065421441
2020.09.07,4276.73,0.505260585209255
2020.09.09,4286.88,0.237330857921836
2020.09.10,4296.43,0.22277273914828
2020.09.11,4372.04,1.75983316381274
2020.09.14,4379.27,0.165369026815876
2020.09.15,4417.01,0.861787466860919
2020.09.16,4432.18,0.343445000124509
2020.09.17,4463.72,0.711613697999636
2020.09.18,4495.26,0.706585538519433
2020.09.21,4508.38,0.29186298456596
2020.09.22,4508.87,0.0108686490490895
2020.09.23,4479.73,-0.646281662589521
2020.09.24,4439.71,-0.893357412165452
2020.09.25,4462.97,0.52390809309617
2020.09.28,4440.3,-0.507957705294904
2020.09.29,4465.09,0.558295610656945
2020.09.30,4485.18,0.449934939721253
2020.10.01,4521.13,0.801528589711009
2020.10.02,4492.26,-0.638557174865573
2020.10.05,4466.3,-0.577882847386391
2020.10.06,4431.28,-0.784094216689435
2020.10.07,4536,2.36319979780109
2020.10.08,4497.54,-0.847883597883603
2020.10.09,4481.06,-0.366422533207034
2020.10.13,4427.8,-1.18855806438656
2020.10.14,4427.09,-0.0160350512669938
2020.10.15,4400.38,-0.603330856160589
2020.10.16,4394.61,-0.131125039201174
2020.10.19,4397.15,0.0577980753696084
2020.10.20,4395.62,-0.0347952651148953
2020.10.21,4385.36,-0.233414171379698
2020.10.22,4399.64,0.325628910739395
2020.10.26,4381.77,-0.406169595694195
2020.10.27,4373.79,-0.182118185116986
2020.10.28,4346.12,-0.632632110823794
2020.10.29,4363.44,0.398516377826663
2020.10.30,4428.65,1.49446308417212
2020.11.02,4436.58,0.17906133923431
2020.11.03,4382.01,-1.23000148763236
2020.11.04,4367.77,-0.324965027464563
2020.11.05,4344.61,-0.530247700771802
2020.11.06,4344.98,0.00851629950673338
2020.11.09,4372.59,0.63544596292735
2020.11.10,4399.54,0.616339515024267
2020.11.11,4409.41,0.224341635716452
2020.11.12,4412.05,0.0598719556584637
2020.11.13,4409.92,-0.0482768780952214
2020.11.16,4395.68,-0.322908352078943
2020.11.17,4392.25,-0.0780311578640891
2020.11.18,4398.28,0.137287267345898
2020.11.19,4417.34,0.433351219112943
2020.11.20,4460.3,0.97253098018264
2020.11.23,4475.87,0.34907965831894
2020.11.24,4505.42,0.660206842468614
2020.11.25,4493.2,-0.271228875443363
2020.11.26,4502.32,0.202973381999461
2020.11.27,4506.53,0.0935073473231629
2020.11.30,4477.94,-0.634412729971845
2020.12.01,4439.4,-0.860663608712931
2020.12.02,4462.35,0.516961751588063
2020.12.03,4462.14,-0.00470604053918189
2020.12.04,4481.14,0.425804658751172
2020.12.07,4472.45,-0.193923867587276
2020.12.09,4455.5,-0.378986908741286
2020.12.10,4449.65,-0.131298395241841
2020.12.11,4452.8,0.0707920847707211
2020.12.14,4451.81,-0.0222332015810234
2020.12.15,4444.08,-0.173637239684543
2020.12.16,4462.95,0.424609818005073
2020.12.17,4473.86,0.244457141576748
2020.12.18,4507.92,0.76131126141632
2020.12.21,4530.35,0.497568723491115
2020.12.22,4517.7,-0.279227874226062
2020.12.23,4506.77,-0.241937268964287
2020.12.24,4518.65,0.263603423294279
2020.12.25,4547.3,0.634038927555802
2020.12.28,4591.31,0.967827062212745
2020.12.29,4654.78,1.38239413152237
2020.12.30,4704.85,1.0756684526444
2021.01.04,4710.31,0.11605045856935
2021.01.05,4723.61,0.28235933516052
2021.01.08,4717.99,-0.118976799524095
2021.01.11,4744.36,0.558924457237087
2021.01.12,4734.33,-0.211408915006439
2021.01.13,4789.9,1.17376693217413
2021.01.14,4840.2,1.05012630743857
2021.01.15,4827.57,-0.260939630593782
2021.01.18,4856.27,0.594501995828134
2021.01.20,4849.93,-0.130552872883927
2021.01.21,4854.07,0.0853620567719426
2021.01.22,4847.33,-0.138852550540058
2021.01.25,4849.49,0.0445606137811971
2021.01.26,4847.69,-0.0371173051186835
2021.01.27,4851.11,0.0705490656374597
2021.01.28,4890.99,0.822079895116801
2021.01.29,4896.29,0.108362519653493
2021.02.01,4894.66,-0.0332905117956694
2021.02.02,4890.36,-0.0878508415293466
2021.02.03,4879.65,-0.219002282040581
2021.02.04,4886.14,0.133001342309402
2021.02.05,4888.27,0.0435926928004538
2021.02.08,4945.93,1.17955841228083
2021.02.09,4968.28,0.451886702804116
2021.02.10,5009.38,0.827248061703445
2021.02.11,5021.57,0.243343487617231
2021.02.12,5016.3,-0.104947257531007
2021.02.15,5069.24,1.05535952793892
2021.02.16,5092,0.448982490471939
2021.02.17,5150.2,1.14296936370777
2021.02.18,5112.35,-0.734922915614922
2021.02.19,5097.53,-0.289886255831484
2021.02.22,5087.94,-0.188130329787173
2021.02.23,5083.38,-0.0896236983926602
2021.02.24,5111.36,0.550421176461313
2021.02.25,5095.8,-0.304419958680258
2021.02.26,5006.57,-1.75104988421838
2021.03.01,4966.21,-0.806140731079352
2021.03.02,5008.06,0.84269493235285
2021.03.03,5005.36,-0.0539130920955588
2021.03.04,4996.32,-0.180606389949978
2021.03.05,4948.52,-0.956704134242792
2021.03.08,4949.96,0.0290996095802409
2021.03.09,4960.57,0.214345166425578
2021.03.10,4954.66,-0.119139534368018
2021.03.11,4951.53,-0.0631728514166485
2021.03.12,4958.36,0.137937162856727
2021.03.15,4935.73,-0.456400906751431
2021.03.16,4928.42,-0.148103725284798
2021.03.17,4918.66,-0.19803507006303
2021.03.18,4902.17,-0.335253910617928
2021.03.19,4903.28,0.0226430335953154
2021.03.22,4909.68,0.130524873146154
2021.03.23,4912.45,0.0564191556272409
2021.03.24,4890.9,-0.438681309733435
2021.03.25,4863.2,-0.566357930033323
2021.03.26,4866.64,0.0707353183089454
2021.03.29,4845.48,-0.434796902996748
2021.03.30,4834.77,-0.221030733797256
2021.03.31,4845.05,0.212626453792009
2021.04.01,4885.55,0.835904686226141
2021.04.02,4902.53,0.347555546458422
2021.04.05,4909.37,0.139519798960941
2021.04.06,4913.95,0.0932909925306147
2021.04.07,4921.85,0.160766796568956
2021.04.08,4926.77,0.0999624125074927
2021.04.09,4948.84,0.447960834380323
2021.04.12,4970.94,0.446569297047383
2021.04.13,4975.88,0.0993775825095522
2021.04.14,4982.61,0.135252457856683
2021.04.15,4996.59,0.280575842781206
2021.04.16,5005.73,0.18292475468269
2021.04.19,5011.63,0.117864926793909
2021.04.20,5026.91,0.304890823943493
2021.04.21,4994.7,-0.640751475558543
2021.04.22,4986.6,-0.162171902216335
2021.04.23,4993.57,0.139774595917053
2021.04.26,4982.14,-0.22889435814456
2021.04.27,4988.25,0.122638063161618
2021.04.28,5010.06,0.437227484588787
2021.04.29,5039.99,0.597398035153263
2021.05.04,5037.26,-0.0541667741404184
2021.05.05,5045.55,0.164573597551043
2021.05.06,5054.47,0.176789448127557
2021.05.07,5076.45,0.434862606761932
2021.05.10,5108.93,0.639817195087122
2021.05.11,5082.76,-0.512240332124336
2021.05.12,5088.31,0.109192643366995
2021.05.14,5112.73,0.479923589561149
2021.05.17,5118.71,0.116962953255895
2021.05.18,5128.06,0.182663210066614
2021.05.19,5196.78,1.34007792420525
2021.05.20,5245.35,0.934617205269439
2021.05.21,5280.77,0.675264758309746
2021.05.25,5289.38,0.163044404509183
2021.05.26,5325.18,0.676827907996791
2021.05.27,5309.89,-0.28712644455211
2021.05.28,5281.96,-0.525999596978477
2021.05.31,5277.88,-0.0772440533438279
2021.06.01,5282.91,0.0953034172811673
2021.06.02,5301.97,0.360786006197356
2021.06.03,5324.64,0.427576919522377
2021.06.04,5328.7,0.0762492863367159
2021.06.07,5341.22,0.23495411638863
2021.06.08,5348.88,0.143412928132514
2021.06.09,5366.02,0.320440914733555
2021.06.10,5384.04,0.335816862404537
2021.06.11,5384.3,0.00482908745105259
2021.06.14,5407.12,0.423824824025409
2021.06.15,5374.84,-0.596990634570704
2021.06.16,5362.7,-0.225867188604689
2021.06.17,5299.18,-1.18447796818766
2021.06.21,5298.65,-0.010001547409233
2021.06.22,5286.07,-0.237418965208114
2021.06.23,5262.15,-0.452510087834634
2021.06.24,5237.31,-0.472050397651136
2021.06.25,5228.3,-0.172034880501637
2021.06.28,5220.85,-0.142493736013616
2021.06.29,5273.31,1.0048172232491
2021.06.30,5281.14,0.148483590003234
2021.07.01,5280.51,-0.0119292425499018
2021.07.02,5299.46,0.35886685187605
2021.07.05,5321.13,0.408909587014517
2021.07.06,5334.64,0.253893439927233
2021.07.07,5338.99,0.0815425220820787
2021.07.08,5371.14,0.602173819392826
2021.07.09,5357.29,-0.257859597776267
2021.07.12,5345.85,-0.213540801412648
2021.07.13,5349.86,0.0750114574856964
2021.07.14,5357.41,0.141125188322699
2021.07.15,5380.87,0.437898163478256
2021.07.16,5388.89,0.149046529650421
2021.07.19,5404.24,0.284845302093739
2021.07.20,5408.54,0.0795671546785615
2021.07.21,5382.37,-0.483864407030366
2021.07.22,5353.96,-0.527834392656024
2021.07.23,5362.83,0.165671764450992
2021.07.26,5358.12,-0.0878267631082896
2021.07.27,5363.26,0.0959291691862152
2021.07.28,5359.99,-0.0609703799554828
2021.07.29,5392.01,0.597389174233531
2021.07.30,5423.14,0.57733572452574
2021.08.03,5431.01,0.145118879468353
2021.08.04,5465.63,0.637450492633973
2021.08.05,5501.58,0.657746682450133
2021.08.06,5591.53,1.63498485889508
2021.08.09,5592.78,0.0223552408732397
2021.08.10,5520.09,-1.29971141364401
2021.08.11,5488.63,-0.569918244086598
2021.08.12,5454.36,-0.624381676301744
2021.08.13,5458.2,0.0704023936813902
2021.08.16,5460.13,0.0353596423729563
2021.08.17,5563.56,1.89427724248323
2021.08.18,5655.65,1.65523513721428
2021.08.19,5637.67,-0.317912176319246
2021.08.20,5623.52,-0.250990214042324
2021.08.23,5645.93,0.398504851054149
2021.08.24,5720.84,1.32679647108624
2021.08.25,5794.5,1.28757315359282
2021.08.26,5770.25,-0.418500302010527
2021.08.27,5766.4,-0.0667215458602377
2021.08.30,5803.14,0.637139289678146
2021.08.31,5846.49,0.747009377681729
2021.09.01,5791.69,-0.937314525467425
2021.09.02,5814.17,0.388142321153251
2021.09.03,5825.67,0.197792634202298
2021.09.06,5834.66,0.154317014180339
2021.09.07,5866.33,0.542790839569052
2021.09.09,5855.09,-0.191601904427463
2021.09.10,5853.38,-0.0292053580730589
2021.09.13,5885.39,0.546863521589236
2021.09.14,5852.11,-0.565468048846396
2021.09.15,5815.44,-0.626611598209881
2021.09.16,5785.02,-0.523090256283254
2021.09.17,5721.66,-1.09524254021595
2021.09.20,5644.59,-1.34698671364604
2021.09.21,5593.42,-0.906531741012195
2021.09.22,5679.71,1.54270553614784
2021.09.23,5719.35,0.697922957334085
2021.09.24,5685.63,-0.589577486952198
2021.09.27,5703.88,0.320984657812762
2021.09.28,5709.31,0.0951983562066605
2021.09.29,5688.77,-0.359763263862012
2021.09.30,5697.25,0.149065615238442
2021.10.01,5673.15,-0.423011101847393
2021.10.04,5665.38,-0.136960947621678
2021.10.05,5659.98,-0.0953157599313803
2021.10.06,5634.97,-0.441874352912897
2021.10.07,5631.1,-0.0686782715790812
2021.10.08,5635.11,0.0712116637956894
2021.10.12,5640.8,0.100974071491078
2021.10.13,5662.66,0.387533683165509
2021.10.14,5689.65,0.47663112388876
2021.10.15,5699.83,0.178921374777019
2021.10.18,5763.42,1.11564730877938
2021.10.19,5781.36,0.311273514683985
2021.10.20,5833.89,0.90860973888498
2021.10.21,5893.33,1.01887419886215
2021.10.22,5970.58,1.31080390882574
2021.10.25,5966.54,-0.0676651179617349
2021.10.26,5973.59,0.118158932982948
2021.10.27,6004.84,0.52313600364271
2021.10.28,5949.53,-0.921090320474827
2021.10.29,5999.64,0.842251404732819
2021.11.01,6007.32,0.128007680460818
2021.11.02,6010.85,0.058761644127503
2021.11.03,6008.2,-0.0440869427784874
2021.11.04,6033.89,0.427582304184293
2021.11.05,6000.07,-0.560500771475792
2021.11.08,5921.58,-1.30815140490027
2021.11.09,5882.3,-0.6633364743869
2021.11.10,5885.65,0.0569505125546099
2021.11.11,5949.54,1.08552156516273
2021.11.12,5948.37,-0.0196653858953844
2021.11.15,5920.3,-0.471893981040183
2021.11.16,5920.74,0.00743205580797657
2021.11.17,5917.79,-0.049824852974456
2021.11.18,5933.8,0.270540184764934
2021.11.19,5948.94,0.255148471468525
2021.11.22,5967.22,0.307281633366618
2021.11.23,5945.92,-0.35695013758501
2021.11.24,5926.01,-0.334851461170005
2021.11.25,5924.21,-0.0303745690608093
2021.11.26,5907.4,-0.283750913623937
2021.11.29,5883.73,-0.400683888004871
2021.11.30,5886.98,0.0552370690021453
2021.12.01,5894.82,0.13317524435279
2021.12.02,5856.93,-0.642767718098247
2021.12.03,5865.41,0.144785749530896
2021.12.06,5878.41,0.221638385040435
2021.12.07,5883.18,0.0811443910853527
2021.12.09,5896.45,0.225558286504901
2021.12.10,5906.74,0.174511782513198
2021.12.13,5922.27,0.262919986320731
2021.12.14,5919.96,-0.039005313840812
2021.12.15,5914.67,-0.0893587118831918
2021.12.16,5925.44,0.182089617848491
2021.12.17,5905.71,-0.332971053626385
2021.12.20,5901.11,-0.0778907193207945
2021.12.21,5912.22,0.188269664520746
2021.12.22,5911.44,-0.0131930137917902
2021.12.23,5915.27,0.0647896282462535
2021.12.24,5956.88,0.703433655606589
2021.12.27,5999.71,0.719000550623816
2021.12.28,6085.4,1.42823569805872
2021.12.29,6124.65,0.644986360797972
2021.12.30,6153.48,0.470720775881062
2022.01.03,6128.4,-0.407574250667908
2022.01.04,6148.01,0.319985640623988
2022.01.05,6206.24,0.947135739857274
2022.01.10,6220.86,0.235569362448107
2022.01.11,6215.25,-0.0901804573644083
2022.01.12,6223.6,0.134346969148469
2022.01.13,6244.45,0.335015103798431
2022.01.14,6301.12,0.907525882984084
2022.01.17,6331.82,0.487214971306682
2022.01.18,6337.59,0.0911270377237594
2022.01.20,6362.15,0.387529013394672
2022.01.21,6333.05,-0.457392548116586
2022.01.24,6149.97,-2.89086617032868
2022.01.25,6016.44,-2.17123010356149
2022.01.26,6062.77,0.770056711277789
2022.01.27,6155.35,1.5270247758038
2022.01.28,6196.73,0.672260716287454
2022.01.31,6226.37,0.478316789661659
2022.02.01,6234.81,0.13555249688022
2022.02.02,6249.93,0.24250939483319
2022.02.03,6276.69,0.428164795445696
2022.02.04,6287.04,0.164895828852485
2022.02.07,6315.94,0.45967577747239
2022.02.08,6363.72,0.75649863678251
2022.02.09,6364.81,0.0171283463131555
2022.02.10,6353.17,-0.182880557314369
2022.02.11,6336.53,-0.261916492081915
2022.02.14,6182.02,-2.43840082821354
2022.02.15,6257.07,1.21400448397124
2022.02.16,6297.08,0.639436669239757
2022.02.17,6295.43,-0.0262026208972976
2022.02.18,6274.88,-0.32642726549259
2022.02.21,6238.47,-0.580250140241723
2022.02.22,6173.45,-1.04224272938718
2022.02.23,6160.18,-0.214952741173891
2022.02.24,5627.16,-8.65266924018455
2022.02.25,5869.12,4.2998599648846
2022.02.28,5819.46,-0.846123439289026
2022.03.01,5817.12,-0.0402099163839931
2022.03.02,5799.92,-0.29567896141045
2022.03.03,5816.37,0.283624601718646
2022.03.04,5835.75,0.333197509787042
2022.03.07,5820.33,-0.264233389024549
2022.03.08,5811.91,-0.144665336845162
2022.03.09,5819.67,0.133518929233256
2022.03.10,5805.44,-0.244515582498672
2022.03.11,5804.99,-0.00775135045749664
2022.03.14,5838.07,0.569854556166338
2022.03.15,5879.81,0.714962307748968
2022.03.16,5956.39,1.30242303747909
2022.03.17,6047.79,1.53448649265746
2022.03.18,6088.97,0.680909886090619
2022.03.21,6079.43,-0.156676744999562
2022.03.22,6121.93,0.699078696522526
2022.03.23,6120.98,-0.0155179820742979
2022.03.24,6091.95,-0.474270459959025
2022.03.25,6105.53,0.222917128341504
2022.03.28,6115.06,0.156088005463917
2022.03.29,6110.29,-0.0780041405971543
2022.03.30,6102.81,-0.12241644831914
2022.03.31,6097.34,-0.0896308421858172
2022.04.01,6109.56,0.200415263049147
2022.04.04,6128.34,0.307387111346813
2022.04.05,6159.86,0.514331776631183
2022.04.06,6222.76,1.02112710353808
2022.04.07,6221.98,-0.012534630935479
2022.04.08,6237.74,0.25329557472058
2022.04.11,6230.65,-0.113662961264815
2022.04.12,6213.21,-0.279906590805124
2022.04.13,6134.84,-1.26134477991248
2022.04.14,6068.45,-1.08217981235045
2022.04.15,6068.48,0.000494360174330133
2022.04.18,6075.94,0.12293028896857
2022.04.19,6093.08,0.282096268231746
2022.04.20,6072.09,-0.344489158192574
2022.04.21,6093.58,0.35391438532697
2022.04.26,6104.4,0.177563927937263
2022.04.27,6130.82,0.432802568639024
2022.04.28,6181.89,0.833004394191983
2022.04.29,6278.19,1.55777601995506
2022.05.03,6265.86,-0.196394183673954
2022.05.04,6260.25,-0.0895328015627528
2022.05.05,6264.78,0.0723613274230317
2022.05.06,6215.99,-0.778798297785399
2022.05.09,6215.3,-0.0111004039581752
2022.05.10,6237.52,0.357504867021707
2022.05.11,6238.79,0.0203606561582026
2022.05.12,6192.88,-0.735879874142265
2022.05.13,6183.88,-0.145328183333115
2022.05.16,6169.92,-0.22574823573549
2022.05.17,6116.54,-0.865165188527572
2022.05.18,6132.12,0.254719171296181
2022.05.19,6097.99,-0.556577496852639
2022.05.20,6076.44,-0.353395135118295
2022.05.23,6041.07,-0.582084246697079
2022.05.25,5979.58,-1.01786604028756
2022.05.26,5948.76,-0.515420815508771
2022.05.27,5951.21,0.0411850536918612
2022.05.30,6007.9,0.952579391417863
2022.05.31,6070.62,1.04395878759633
2022.06.01,6086.9,0.268176891322458
2022.06.02,6108.38,0.352888991112077
2022.06.03,6105.31,-0.0502588247620395
2022.06.06,6087.32,-0.294661532338258
2022.06.07,6067.03,-0.333315810570167
2022.06.08,6026.82,-0.662762504882952
2022.06.09,5993.3,-0.556180539654405
2022.06.13,5927.05,-1.10540103115145
2022.06.14,5867.21,-1.00960848988958
2022.06.15,5833.07,-0.58187792835096
2022.06.16,5830.02,-0.0522880747187871
2022.06.17,5850.89,0.357974758234114
2022.06.20,5798.46,-0.896102986041447
2022.06.21,5782.71,-0.27162384495194
2022.06.22,5786.74,0.069690508429443
2022.06.23,5789.04,0.0397460400847427
2022.06.24,5801.97,0.22335309481365
2022.06.27,5790.41,-0.199242671023814
2022.06.28,5797.04,0.114499664099776
2022.06.29,5791.25,-0.0998785587127182
2022.06.30,5787.23,-0.0694150658320791
2022.07.01,5806.8,0.338158324448834
2022.07.04,5774.41,-0.557794310119175
2022.07.05,5778.23,0.066153944732017
2022.07.06,5785.01,0.117336969971782
2022.07.07,5803.57,0.320829177477644
2022.07.08,5828.81,0.434904722438101
2022.07.11,5817.71,-0.190433381770905
2022.07.12,5800.73,-0.291867418623493
2022.07.13,5790.45,-0.177219074151003
2022.07.14,5753.65,-0.635529190304729
2022.07.15,5747.07,-0.114362187480987
2022.07.18,5799.67,0.915248987745065
2022.07.19,5837.24,0.647795478018565
2022.07.20,5831.08,-0.105529325503151
2022.07.21,5868.75,0.646020977246065
2022.07.22,5864.26,-0.0765069222577131
2022.07.25,5827.23,-0.631452220740569
2022.07.26,5822.41,-0.0827151150718186
2022.07.27,5803.72,-0.321001097483686
2022.07.28,5818.23,0.250012061229676
2022.07.29,5880.2,1.06510055463604
2022.08.01,5884.29,0.0695554572973656
2022.08.03,5857.14,-0.461398061618301
2022.08.04,5853.37,-0.0643658850565387
2022.08.05,5857.59,0.0720952203602465
2022.08.08,5855.4,-0.0373873896944099
2022.08.09,5856,0.0102469515319337
2022.08.10,5878.97,0.392247267759571
2022.08.11,5874.4,-0.0777347052289823
2022.08.12,5874.43,0.000510690453503493
2022.08.15,5862.7,-0.1996789475745
2022.08.16,5847.89,-0.252613983318262
2022.08.17,5857.54,0.165016783831429
2022.08.18,5846.93,-0.18113405969058
2022.08.19,5839.57,-0.125878024878023
2022.08.22,5840.79,0.0208919492360016
2022.08.23,5834.22,-0.112484783736444
2022.08.24,5826.42,-0.133693964231729
2022.08.25,5823.63,-0.0478853223763509
2022.08.26,5822.68,-0.0163128495457299
2022.08.29,5803.5,-0.329401581402389
2022.08.30,5795.75,-0.133540105108987
2022.08.31,5764.57,-0.537980416684647
2022.09.01,5721.16,-0.753048362670583
2022.09.02,5739.29,0.31689377678652
2022.09.05,5737.31,-0.0344990408221113
2022.09.06,5741.93,0.0805255424580542
2022.09.07,5736.41,-0.0961349232749376
2022.09.09,5745.14,0.15218577472671
2022.09.12,5729.15,-0.278322199284975
2022.09.13,5757.08,0.487506872747279
2022.09.14,5737.21,-0.345140244707387
2022.09.15,5735.44,-0.0308512325677524
2022.09.16,5722.47,-0.226137837724727
2022.09.19,5707.96,-0.253561836060301
2022.09.20,5674.07,-0.593732261613611
2022.09.21,5678.85,0.0842428803310646
2022.09.22,5720.89,0.740290727876247
2022.09.23,5689,-0.55743074941137
2022.09.26,5597.86,-1.60203902267534
2022.09.27,5526.61,-1.2728078229895
2022.09.28,5545.57,0.343067450028145
2022.09.29,5591.38,0.826064768815482
2022.09.30,5586.34,-0.0901387492890815
2022.10.03,5569.23,-0.306282825606763
2022.10.04,5570.45,0.0219060803737792
2022.10.05,5511.12,-1.06508450843289
2022.10.06,5519.25,0.147519923354955
2022.10.07,5558.79,0.716401685011547
2022.10.10,5608.78,0.899296429618679
2022.10.12,5581.95,-0.478357147187092
2022.10.13,5551.09,-0.552853393527342
2022.10.14,5535.12,-0.28769124622372
2022.10.17,5450.19,-1.53438407839397
2022.10.18,5428.52,-0.397600817586163
2022.10.19,5427.96,-0.0103158872031495
2022.10.20,5443.2,0.280768465500847
2022.10.21,5465.47,0.409134332745453
2022.10.25,5491.54,0.476994659196728
2022.10.26,5627.45,2.4748977518146
2022.10.27,5675.19,0.848341611209347
2022.10.28,5659.66,-0.273647225907847
2022.10.31,5655.25,-0.0779198750454957
2022.11.01,5644.14,-0.196454621811581
2022.11.02,5640.83,-0.058644895413662
2022.11.03,5626.04,-0.262195457051528
2022.11.04,5615.47,-0.18787637485691
2022.11.07,5594.5,-0.373432677941477
2022.11.08,5603.74,0.165162212887648
2022.11.09,5604.12,0.00678118542258854
2022.11.10,5599.09,-0.0897553942456608
2022.11.11,5604.96,0.104838464821966
2022.11.14,5574.16,-0.54951328823043
2022.11.15,5570.88,-0.0588429467399565
2022.11.16,5576.17,0.094958067666151
2022.11.17,5562.81,-0.239590973732862
2022.11.18,5550.11,-0.228301883400672
2022.11.21,5539.2,-0.196572680541462
2022.11.22,5509.28,-0.540150202195266
2022.11.23,5538.56,0.531466906746436
2022.11.24,5559.93,0.385840362837997
2022.11.25,5554.28,-0.101619984424273
2022.11.28,5535.32,-0.341358375883105
2022.11.29,5557.22,0.395641083081033
2022.11.30,5557.94,0.0129561183469296
2022.12.01,5569.5,0.207990730378538
2022.12.02,5582.84,0.239518807792449
2022.12.05,5577.57,-0.0943964003983666
2022.12.06,5606.29,0.514919579673601
2022.12.07,5642.6,0.647665390124308
2022.12.09,5657.72,0.267961577995957
2022.12.12,5625.7,-0.565952362435762
2022.12.13,5620.65,-0.0897666068222613
2022.12.14,5609.77,-0.193571917838675
2022.12.15,5608.29,-0.0263825433128306
2022.12.16,5623.89,0.278159652942356
2022.12.19,5611.99,-0.211597310758227
2022.12.20,5591.2,-0.370456825475451
2022.12.21,5616.45,0.451602518242944
2022.12.22,5641.38,0.44387468952809
2022.12.23,5636.09,-0.0937713821795416
2022.12.26,5624.61,-0.20368730804512
2022.12.27,5638.75,0.251395207845517
2022.12.28,5628.99,-0.17308800709378
2022.12.29,5652.33,0.414639215916179
2023.01.03,5685.17,0.580999340095145
2023.01.04,5729.39,0.777813152465101
2023.01.05,5760.51,0.543164281014197
2023.01.09,5764.09,0.0621472751544561
2023.01.10,5770.67,0.114155053095977
2023.01.11,5766.03,-0.0804066078982202
2023.01.12,5815.93,0.865413464723575
2023.01.13,5849.27,0.573253116870398
2023.01.16,5858.83,0.163439198395698
2023.01.17,5855.24,-0.0612750327283806
2023.01.18,5852.18,-0.0522608808520175
2023.01.20,5829.33,-0.390452788533513
2023.01.23,5807.33,-0.37740186264974
2023.01.24,5798.89,-0.145333569816075
2023.01.25,5782.39,-0.284537213156311
2023.01.26,5799.51,0.296071347660742
2023.01.27,5840.1,0.699886714567266
2023.01.30,5804.91,-0.602558175373713
2023.01.31,5842.8,0.652723298035629
2023.02.01,5811.28,-0.539467378654079
2023.02.02,5822.96,0.200988422516213
2023.02.03,5829.3,0.108879332847911
2023.02.06,5812.76,-0.283739042423614
2023.02.07,5798.22,-0.250139348605483
2023.02.08,5791.12,-0.122451373007582
2023.02.09,5796.76,0.0973904875050113
2023.02.10,5781.91,-0.256177588859985
2023.02.13,5771.23,-0.184714047780066
2023.02.14,5749.61,-0.374616849441101
2023.02.15,5731.98,-0.306629493130839
2023.02.16,5760.31,0.494244571683788
2023.02.17,5779.49,0.332968190948035
2023.02.20,5799.64,0.34864667989738
2023.02.21,5795.1,-0.0782807208723257
2023.02.22,5792.29,-0.0484892409104321
2023.02.23,5764.76,-0.475286976308154
2023.02.24,5759.34,-0.0940195255309861
2023.02.27,5787.5,0.488944913826939
2023.02.28,5800.73,0.228596112311008
2023.03.01,5817.87,0.295480051648678
2023.03.02,5856.63,0.666223205399907
2023.03.03,5865.26,0.147354365906671
2023.03.06,5876.58,0.193000821787948
2023.03.07,5878.52,0.033012398367771
2023.03.08,5868.23,-0.175044058708673
2023.03.09,5886.68,0.314404854615469
2023.03.10,5857.85,-0.489749740091183
2023.03.13,5838.27,-0.334252328072582
2023.03.14,5825.8,-0.213590669838848
2023.03.15,5803.99,-0.374369185347945
2023.03.16,5779.08,-0.429187507214857
2023.03.17,5800.29,0.367013434664343
2023.03.20,5797.17,-0.0537904139275791
2023.03.21,5780.05,-0.295316507882293
2023.03.22,5783.47,0.0591690383301202
2023.03.23,5780.2,-0.0565404506291278
2023.03.24,5802.25,0.381474689457106
2023.03.27,5839.15,0.635960187858142
2023.03.28,5829.66,-0.162523654984026
2023.03.29,5840.43,0.184744907936318
2023.03.30,5850.33,0.169508067043012
2023.03.31,5843.35,-0.119309509036236
2023.04.03,5843.77,0.00718765776481778
2023.04.04,5860.02,0.278073914613342
2023.04.05,5844.74,-0.260749963310714
2023.04.06,5831.84,-0.220711272015517
2023.04.07,5852,0.345688496255048
2023.04.10,5908.63,0.96770334928229
2023.04.11,5899.32,-0.157566136312481
2023.04.12,5912.43,0.222229002664731
2023.04.13,5858.53,-0.91163870016221
2023.04.18,5863.45,0.0839801110517513
2023.04.19,5821.2,-0.72056553735429
2023.04.20,5873.89,0.905139833711277
2023.04.24,5845.85,-0.477366787597311
2023.04.25,5862.92,0.29200201852595
2023.04.26,5892.93,0.511860983946577
2023.04.27,5969.23,1.29477187069929
2023.04.28,5978.51,0.155463937559808
2023.05.02,6062.61,1.40670501512918
2023.05.03,6085.63,0.379704450723373
2023.05.04,6050.66,-0.574632371669004
2023.05.05,6035.04,-0.258153655964799
2023.05.08,5999.84,-0.583260425780108
2023.05.09,5973.13,-0.445178538094349
2023.05.10,5920.88,-0.874750758814891
2023.05.11,5909.09,-0.19912580562349
2023.05.12,5905.95,-0.0531384697136206
2023.05.15,5885.79,-0.34135067178015
2023.05.16,5905.04,0.327058899485033
2023.05.17,5899.94,-0.0863669001395451
2023.05.18,5911.59,0.19745963518274
2023.05.19,5879.44,-0.543846917665136
2023.05.22,5879.79,0.00595294789980105
2023.05.23,5867.44,-0.210041515088133
2023.05.25,5871.1,0.0623781410632462
2023.05.26,5876.38,0.0899320399925019
2023.05.29,5844.29,-0.546084494195409
2023.05.30,5845.78,0.0254949703043517
2023.05.31,5842.14,-0.0622671397144559
2023.06.01,5835.18,-0.119134426768275
2023.06.05,5825.6,-0.164176597808463
2023.06.06,5820.74,-0.0834248832738305
2023.06.07,5814.17,-0.112872246484119
2023.06.08,5815.35,0.0202952442051041
2023.06.09,5816.52,0.0201191673759871
2023.06.12,5809.88,-0.114157606266296
2023.06.13,5758.79,-0.879364117675408
2023.06.14,5755.75,-0.0527888671057575
2023.06.15,5746.22,-0.165573556877896
2023.06.16,5752.89,0.116076307555235
2023.06.19,5712.44,-0.703124864198701
2023.06.20,5654.33,-1.01725357290404
2023.06.21,5642.28,-0.213111014037037
2023.06.22,5648.52,0.110593589825392
2023.06.23,5606.15,-0.750107992890192
2023.06.26,5637.21,0.554034408640525
2023.06.27,5655.2,0.31912949845756
2023.06.28,5660.08,0.0862922619889739
2023.06.29,5639.51,-0.363422425124726
2023.06.30,5713.34,1.30915629194734
2023.07.03,5718.87,0.0967910189136223
2023.07.04,5718.59,-0.00489607212613707
2023.07.05,5734.95,0.286084506845219
2023.07.06,5737.5,0.0444642063139211
2023.07.07,5734.86,-0.0460130718954344
2023.07.10,5735.04,0.00313869911383602
2023.07.11,5754.45,0.338445764981588
2023.07.12,5726.84,-0.479802587562661
2023.07.13,5761.53,0.605744180036449
2023.07.14,5758.56,-0.0515488073480341
2023.07.17,5752.77,-0.100545969825794
2023.07.18,5740.27,-0.217286628876179
2023.07.19,5734.2,-0.105744154891685
2023.07.20,5726.87,-0.127829514143207
2023.07.21,5727.44,0.00995308082774038
2023.07.24,5750.1,0.395639238473056
2023.07.25,5746.37,-0.0648684370706643
2023.07.26,5723.8,-0.392769696347428
2023.07.27,5725.85,0.0358153674132611
2023.07.28,5733.34,0.130810272710602
2023.07.31,5778.15,0.781568858640847
2023.08.01,5769.83,-0.143990723674525
2023.08.03,5767.63,-0.0381293729624588
2023.08.04,5768.49,0.0149108039177115
2023.08.07,5742.56,-0.449511050552209
2023.08.08,5739.62,-0.0511966788331431
2023.08.09,5739.27,-0.00609796467361257
2023.08.10,5737.82,-0.0252645371275562
2023.08.11,5713.02,-0.432219902332232
2023.08.14,5685.56,-0.480656465407092
2023.08.15,5683.72,-0.0323626872287042
2023.08.16,5692.35,0.151837177060088
2023.08.17,5705.55,0.231890168383875
2023.08.18,5704.41,-0.0199805452585689
2023.08.21,5703.96,-0.00788863353089475
2023.08.22,5710.11,0.107819830433598
2023.08.23,5696.3,-0.241851733153997
2023.08.24,5675.26,-0.369362568684939
2023.08.25,5680.76,0.0969118595447682
2023.08.29,5695.69,0.26281694702821
2023.08.30,5723.26,0.484050220429855
2023.08.31,5724.79,0.0267330157986745
2023.09.01,5725.66,0.0151970639971077
2023.09.04,5725.42,-0.00419165650771269
2023.09.05,5731.1,0.09920669575334
2023.09.06,5717.28,-0.241140444242827
2023.09.07,5739.73,0.392669241317556
2023.09.11,5764.52,0.431901849041694
2023.09.12,5746.27,-0.316591841124669
2023.09.13,5765.8,0.339872647821982
2023.09.14,5743.84,-0.380866488605225
2023.09.15,5749.2,0.0933173626006312
2023.09.18,5766.51,0.301085368399079
2023.09.19,5781.05,0.25214557852149
2023.09.20,5782.79,0.0300983385371101
2023.09.21,5787.13,0.0750502784987894
2023.09.22,5798.59,0.198025618916464
2023.09.25,5798.16,-0.00741559586038276
2023.09.26,5794.16,-0.0689874029002335
2023.09.27,5782.36,-0.203653333701526
2023.09.28,5797.03,0.253702640444398
2023.09.29,5803.06,0.104018782031501
2023.10.02,5811.05,0.137685979465996
2023.10.03,5830.17,0.329028316741375
2023.10.04,5840.3,0.173751365740626
2023.10.05,5875.85,0.608701607794115
2023.10.06,5939.94,1.09073580843622
2023.10.09,5961.4,0.361283110603816
2023.10.10,5967.01,0.0941054114805384
2023.10.12,5981.99,0.251047006792349
2023.10.13,6007.8,0.431461771082864
2023.10.16,6004.58,-0.0535969905789191
2023.10.17,5993.53,-0.184026193339093
2023.10.18,5952.93,-0.677397126568136
2023.10.19,5987.03,0.572827162422529
2023.10.20,5990.01,0.049774262029767
2023.10.24,5952.45,-0.627044028307133
2023.10.25,5906.59,-0.770439062906869
2023.10.26,5912.65,0.102597268474702
2023.10.27,5906.24,-0.10841162592069
2023.10.30,5910.69,0.0753440429105412
2023.10.31,5906.53,-0.0703809538311062
2023.11.01,5884.04,-0.380765017700746
2023.11.02,5881.51,-0.0429976682687405
2023.11.03,5880.54,-0.0164923633556691
2023.11.06,5882.44,0.032309957929022
2023.11.07,5875.44,-0.118998238826062
2023.11.08,5846.36,-0.494941655433467
2023.11.09,5853.77,0.126745530552363
2023.11.10,5879.57,0.440741607545214
2023.11.13,5871.37,-0.13946598135578
2023.11.14,5889.81,0.314066393363066
2023.11.15,5925.49,0.605792037434139
2023.11.16,5966.28,0.688381889092726
2023.11.17,5992.29,0.435950039220412
2023.11.20,5974.28,-0.300552877113758
2023.11.21,5961.79,-0.209062849414488
2023.11.22,5946.91,-0.249589468934663
2023.11.23,5966.14,0.32336120775327
2023.11.24,5997.64,0.527979564676651
2023.11.27,6031.35,0.562054408067181
2023.11.28,6037.4,0.100309217670991
2023.11.29,6035.17,-0.0369364295888852
2023.11.30,6046.34,0.185081778972251
2023.12.01,6054.42,0.133634562396434
2023.12.04,6083.96,0.487908007703464
2023.12.05,6092.53,0.140862201592373
2023.12.06,6090.79,-0.0285595639250014
2023.12.07,6094.32,0.0579563570571207
2023.12.11,6053.59,-0.668327229288901
2023.12.12,6060.31,0.111008509000454
2023.12.13,6061.28,0.0160057818824333
2023.12.14,6069.34,0.132975213156294
2023.12.15,6090.9,0.355228080812742
2023.12.18,6092.77,0.0307015383605114
2023.12.19,6083.29,-0.155594253516878
2023.12.20,6077.76,-0.0909047571297728
2023.12.21,6094.2,0.270494392670972
2023.12.22,6090.41,-0.0621902792819373
2023.12.25,6057.56,-0.539372554557072
2023.12.26,6074.95,0.287079286049163
2023.12.27,6102.24,0.449221804294675
2023.12.28,6116.23,0.229260074988846
2024.01.02,6154.42,0.624404249022681
2024.01.03,6193.14,0.629141332570748
2024.01.04,6220.83,0.447107606157782
2024.01.05,6243.82,0.369564832988512
2024.01.09,6248.72,0.0784775986495623
2024.01.10,6245.19,-0.056491569473438
2024.01.11,6254.83,0.154358794528275
2024.01.12,6267.21,0.19792704198196
2024.01.15,6257.39,-0.156688542429562
2024.01.16,6260.7,0.0528974540503269
2024.01.17,6269.63,0.14263580749756
2024.01.18,6282.78,0.209741244698636
2024.01.22,6270.19,-0.200388999773993
2024.01.23,6282.05,0.189148973157116
2024.01.24,6295.39,0.212351063745109
2024.01.25,6291.43,-0.0629031720036366
2024.01.26,6297.59,0.0979109677768042
2024.01.29,6323.58,0.412697555731634
2024.01.30,6384.34,0.960848127168479
2024.01.31,6472.19,1.37602320678409
2024.02.01,6636.8,2.54334313424052
2024.02.02,6639.1,0.0346552555448465
2024.02.05,6596.96,-0.634724586163793
2024.02.06,6622.08,0.380781450850076
2024.02.07,6604.35,-0.26774064946361
2024.02.08,6601.52,-0.042850545473816
2024.02.09,6617.81,0.246761351931069
2024.02.12,6624.35,0.0988242333944234
2024.02.13,6645.4,0.31776702619879
2024.02.14,6667.94,0.339181990549853
2024.02.15,6689.76,0.327237497637967
2024.02.16,6676.09,-0.20434215876205
2024.02.19,6682.91,0.102155603055087
2024.02.20,6667.94,-0.224004213733242
2024.02.21,6673.27,0.0799347324661026
2024.02.22,6697.75,0.366836648299862
2024.02.23,6739.43,0.622298533089483
2024.02.26,6805.82,0.985098146282382
2024.02.27,6828.42,0.332068729411006
2024.02.28,6810.2,-0.266826000743958
2024.02.29,6810.15,-0.000734192828411029
2024.03.01,6791.27,-0.277233247432129
2024.03.04,6781.05,-0.150487316805259
2024.03.05,6759.39,-0.319419558917866
2024.03.06,6752,-0.109329392149293
2024.03.07,6757.65,0.0836789099526003
2024.03.08,6755.59,-0.0304839700191573
2024.03.11,6765.77,0.150690021152866
2024.03.12,6754.47,-0.167017205728248
2024.03.13,6755.46,0.0146569605017133
2024.03.14,6825.77,1.0407877479846
2024.03.15,6861.18,0.518769311008138
2024.03.18,6871.02,0.143415564086635
2024.03.19,6875.67,0.067675541622636
2024.03.20,6886.13,0.15213062872419
2024.03.21,6894.68,0.124162628355839
2024.03.22,6953.56,0.853991773367291
2024.03.25,6936.18,-0.249943913621231
2024.03.26,6939.45,0.0471441052567689
2024.03.27,6937.67,-0.0256504478020503
2024.03.28,7036.64,1.42655963745755
2024.03.29,7067.13,0.433303394802054
2024.04.01,7122.27,0.780231862156211
2024.04.02,7121.4,-0.0122152066686754
2024.04.03,7132.99,0.162748897688658
2024.04.04,7142.77,0.137109402929214
2024.04.05,7122.35,-0.285883487778549
2024.04.08,7123.66,0.0183928057452931
2024.04.09,7053.57,-0.983904341307695
2024.04.11,7053.19,-0.00538734286326115
2024.04.12,7059.29,0.0864856894539967
2024.04.15,7060.71,0.0201153373781127
2024.04.16,7069.46,0.123925214319809
2024.04.17,7122.46,0.749703654876055
2024.04.18,7086.69,-0.502214122648637
2024.04.19,7094.61,0.111758804180795
2024.04.22,7107.37,0.179854847553296
2024.04.23,7187.14,1.12235608952398
2024.04.25,7230.79,0.607334767376178
2024.04.26,7251.14,0.281435361834603
2024.04.29,7314.89,0.879172102593517
2024.04.30,7292.01,-0.312786658445996
2024.05.02,7281.88,-0.138919173177221
2024.05.07,7309.15,0.374491202821248
2024.05.09,7273.18,-0.492122887066204
2024.05.10,7305.82,0.448772063939007
2024.05.13,7306.1,0.00383256088982709
2024.05.14,7319.63,0.185187719850521
2024.05.15,7304.17,-0.211212861852306
2024.05.16,7264.26,-0.546400207005038
2024.05.17,7256.77,-0.103107542956882
2024.05.20,7260.2,0.0472662079685549
2024.05.21,7282.98,0.313765461006588
2024.05.22,7318.37,0.485927463757974
2024.05.23,7352.53,0.466770606022915
2024.05.27,7375.83,0.316897720920561
2024.05.28,7417.78,0.568749550898007
2024.05.29,7450.94,0.447034018264225
2024.05.30,7431.52,-0.260638255038947
2024.05.31,7447.49,0.214895472258703
2024.06.03,7442.99,-0.0604230418570606
2024.06.04,7446.07,0.0413812191068397
2024.06.05,7476.07,0.402897098737998
2024.06.06,7532.08,0.749190416890166
2024.06.07,7602.77,0.938518974838298
2024.06.10,7658.86,0.737757422623586
2024.06.11,7632.99,-0.337778729471483
2024.06.12,7714.22,1.06419633721517
2024.06.13,7845.68,1.70412562773683
2024.06.14,7824.9,-0.264859132669193
2024.06.17,7793.2,-0.405116998300292
2024.06.18,7743.29,-0.640430118564905
2024.06.19,7668.6,-0.964577072536343
2024.06.20,7678.47,0.128706673969181
2024.06.24,7707.37,0.376377064701683
2024.06.25,7714.65,0.0944550475713513
2024.06.26,7703.08,-0.149974399357067
2024.06.27,7701.91,-0.0151887297029196
2024.06.28,7704.56,0.0344070496798965
2024.07.01,7723.51,0.245958237718957
2024.07.02,7754.95,0.407068806798971
2024.07.03,7789.62,0.447069291226887
2024.07.04,7820.12,0.391546699325507
2024.07.05,7917.02,1.23911142028512
2024.07.08,7918.6,0.0199570040242403
2024.07.09,7975.19,0.714646528426743
2024.07.10,8082.27,1.3426639365332
2024.07.11,8094.19,0.147483318424135
2024.07.12,8036.77,-0.709397728494132
2024.07.15,8051.18,0.179300888292189
2024.07.16,8151.25,1.24292339756409
2024.07.17,8213.86,0.768103051679203
2024.07.18,8296.49,1.00598257092279
2024.07.19,8351.21,0.659556029115915
2024.07.22,8372.88,0.259483356304058
2024.07.23,8340.99,-0.380872531315379
2024.07.24,8381.99,0.491548365361916
2024.07.25,8409.49,0.328084380916693
2024.07.26,8435.41,0.308223209730918
2024.07.29,8449.49,0.166915419641733
2024.07.30,8508.24,0.695308237538606
2024.07.31,8480.61,-0.32474401286281
2024.08.01,8513.22,0.384524226441241
2024.08.05,8365.24,-1.73823770559201
2024.08.06,8275.33,-1.07480478742988
2024.08.07,8248.42,-0.325183406583185
2024.08.08,8360.83,1.36280645262972
2024.08.09,8430.61,0.834606133601579
2024.08.12,8432.85,0.0265698448866702
2024.08.13,8403.46,-0.348517998067099
2024.08.14,8367.16,-0.431964928731732
2024.08.15,8406.13,0.465749429914086
2024.08.16,8447.61,0.493449423218539
2024.08.19,8455.96,0.0988445252562364
2024.08.20,8499.79,0.518332631658636
2024.08.21,8504.91,0.0602367823204997
2024.08.22,8468.33,-0.43010449258134
2024.08.23,8539.38,0.839008399530949
2024.08.26,8574.96,0.416657883827631
2024.08.27,8597.44,0.262158657299882
2024.08.29,8573.34,-0.28031600104218
2024.08.30,8578.4,0.0590201718350114
2024.09.02,8617.11,0.451249650284447
2024.09.03,8613.58,-0.0409650103108894
2024.09.04,8595.96,-0.20456070530489
2024.09.05,8570.32,-0.298279656955125
2024.09.06,8597.84,0.321108196660114
2024.09.10,8605.47,0.0887432192271387
2024.09.11,8611.11,0.0655397090455478
2024.09.12,8621.47,0.120309692943166
2024.09.13,8661.64,0.46592982403233
2024.09.16,8641.63,-0.231018606176203
2024.09.17,8661.08,0.225073278999455
2024.09.18,8685.22,0.278718127531441
2024.09.19,8728.95,0.503499047807665
2024.09.20,8748.51,0.224081934253251
2024.09.23,8772.22,0.271017578993438
2024.09.24,8753.03,-0.218758763460092
2024.09.25,8732.13,-0.238774458673185
2024.09.26,8761.02,0.330847112903743
2024.09.27,8765.08,0.0463416360195534
2024.09.30,8778.56,0.153792093169702
2024.10.01,8779.1,0.00615135056321048
2024.10.02,8725.32,-0.612591267897633
2024.10.03,8713.58,-0.13455093910596
2024.10.04,8702.1,-0.131748374376539
2024.10.07,8691.43,-0.122614081658456
2024.10.08,8753.57,0.714957147442941
2024.10.09,8738.89,-0.16770300574509
2024.10.10,8736.06,-0.0323839755392297
2024.10.14,8743.04,0.0798987186443556
2024.10.15,8712.47,-0.349649549813358
2024.10.16,8686.66,-0.296242053057283
2024.10.17,8679.98,-0.0768995217954926
2024.10.18,8687.8,0.0900923734847181
2024.10.21,8678.68,-0.104974792237378
2024.10.22,8675.17,-0.0404439384791289
2024.10.24,8640.4,-0.400799062150947
2024.10.25,8629.28,-0.128697745474737
2024.10.28,8636.21,0.0803079747093483
2024.10.29,8620.4,-0.183066414549893
2024.10.30,8619.77,-0.00730824555703613
2024.10.31,8621.61,0.0213462772208572
2024.11.01,8678.78,0.663101207315098
2024.11.04,8719.82,0.472877524260307
2024.11.05,8716.98,-0.0325694796452281
2024.11.06,8720.39,0.0391190526994434
2024.11.07,8778.87,0.670612208857646
2024.11.08,8799.72,0.237502093093966
2024.11.11,8877.21,0.880596200788197
2024.11.12,8881.65,0.0500157143967561
2024.11.13,8876.93,-0.0531432785574659
2024.11.14,8918.57,0.469081089971413
2024.11.15,8970.13,0.578119586435943
2024.11.18,9051.8,0.910466180534741
2024.11.19,9018.01,-0.373295919043715
2024.11.20,9051.04,0.366267058918779
2024.11.21,9048.11,-0.0323719705138892
2024.11.22,9018.55,-0.326698061805186
2024.11.25,9035.6,0.189054781533637
2024.11.26,9000.79,-0.385253884634107
2024.11.27,8986.16,-0.162541288042506
2024.11.28,9033.77,0.529814737329404
2024.11.29,9109.37,0.836859915627697
2024.12.02,9193.02,0.918285238166861
2024.12.03,9304.65,1.21429084239999
2024.12.04,9348.97,0.476320979295286
2024.12.05,9571.98,2.38539646613478
2024.12.06,9809.27,2.47900643336072
2024.12.10,9821.77,0.127430481575086
2024.12.11,9840,0.185608093042289
2024.12.12,9892.1,0.529471544715454
2024.12.13,9917.51,0.256871645050083
2024.12.16,9926.87,0.0943785284814425
2024.12.17,9912.55,-0.144254936349542
2024.12.18,10012.34,1.00670362318476
2024.12.19,10089.36,0.769250744581185
2024.12.20,10123.59,0.339268298484741
2024.12.23,10088.51,-0.346517391557732
2024.12.24,10039.48,-0.485998427914536
2024.12.25,10078.08,0.384482064808145
2024.12.26,10098.29,0.200534228742
2024.12.27,10154.74,0.559005534600399
2024.12.30,10200.91,0.454664521198978
2025.01.02,10222.15,0.208216717920262
2025.01.03,10280.02,0.566123565003451
2025.01.08,10263.05,-0.165077499849231
2025.01.09,10376.85,1.10883216977411
2025.01.10,10420.03,0.416118571628199
2025.01.13,10421.46,0.0137235689340542
2025.01.14,10452.71,0.299862015494945
2025.01.15,10503.28,0.483797981576095
2025.01.16,10681.76,1.69927870151039
2025.01.17,10948.17,2.49406464852233
2025.01.20,11008.15,0.547854116258706
2025.01.21,11050.29,0.382807283694375
2025.01.22,10948.29,-0.923052698164484
2025.01.23,10903.76,-0.406730183435045
2025.01.24,10884.14,-0.179937929668306
2025.01.27,10890.78,0.0610061980092169
2025.01.28,10848.98,-0.383810893251002
2025.01.29,10805.9,-0.397088021178027
2025.01.30,10880.62,0.691474102110901
2025.01.31,10853.7,-0.247412371721467
2025.02.03,10699.83,-1.41767323585507
2025.02.04,10447.65,-2.35685987534382
2025.02.05,10162.34,-2.73085334979636
2025.02.06,10390.35,2.24367616119909
2025.02.07,10587.35,1.89599002920979
2025.02.10,10705.96,1.12029922501853
2025.02.11,10739.2,0.310481264641394
2025.02.12,10757.69,0.172172973778295
2025.02.13,10763.85,0.0572613637314312
2025.02.14,10792.19,0.263288693172048
2025.02.17,10741.82,-0.466726401221629
2025.02.18,10699.51,-0.393881111394523
2025.02.19,10699.13,-0.00355156451090632
2025.02.20,10704.95,0.0543969462937888
2025.02.21,10685.76,-0.179262864375829
2025.02.24,10692.36,0.0617644416494478
2025.02.25,10695.2,0.0265610211403367
2025.02.26,10698.52,0.0310419627496339
2025.02.27,10690.26,-0.0772069407731224
2025.02.28,10660.65,-0.276981102424079
2025.03.03,10660.87,0.00206366403550096
2025.03.04,10556.22,-0.981627203033164
2025.03.05,10484.74,-0.677136323418792
2025.03.06,10526.15,0.394954953580151
2025.03.07,10503.45,-0.215653396540982
2025.03.10,10392.25,-1.05869976055487
2025.03.11,10297.46,-0.912122014000827
2025.03.12,10298.91,0.0140811423399612
2025.03.13,10323.08,0.234685029774995
2025.03.14,10323.03,-0.000484351569485231
2025.03.17,10406.4,0.807611718652357
2025.03.18,10473.72,0.646909594095946
2025.03.19,10582.35,1.03716731018206
2025.03.20,10620.89,0.364191318563445
2025.03.21,10644.37,0.221073751823075
2025.03.24,10616.49,-0.261922499875533
2025.03.25,10611.52,-0.0468139658210909
2025.03.26,10583.84,-0.260848587195806
2025.03.27,10547.6,-0.342408804365901
2025.03.28,10558.44,0.102772194622469
2025.04.01,10556.51,-0.018279215490169
2025.04.02,10531.31,-0.238715257220434
2025.04.03,10510.95,-0.193328275399729
2025.04.04,10437.41,-0.699651316008554
2025.04.07,10037.19,-3.83447617751913
2025.04.08,10117.35,0.798629895418945
2025.04.09,10144.73,0.27062422472286
2025.04.10,10311.95,1.64834352417462
2025.04.11,10361.9,0.484389470468716
2025.04.14,10277.47,-0.814811955336381
2025.04.15,10279.33,0.0180978392542164
2025.04.16,10271.88,-0.0724755407210509
2025.04.17,10175.12,-0.941989197693105
2025.04.22,10113.76,-0.603039571032094
2025.04.23,10091.79,-0.217228805113023
2025.04.24,10129.83,0.376940067123854
2025.04.25,10162.42,0.321723069390112
2025.04.28,10293.17,1.28660299416872
2025.04.29,10342.9,0.48313590468243
2025.04.30,10377.27,0.332305252878795
2025.05.02,10471.91,0.911993231360464
2025.05.05,10600.32,1.22623284577503
2025.05.06,10687.51,0.822522338948262
2025.05.07,10802.96,1.08023290738439
2025.05.08,10830.26,0.252708516925004
2025.05.09,10812.7,-0.162138305082238
2025.05.12,10793.62,-0.176459163761133
2025.05.13,10796.31,0.024922129924887
2025.05.14,10731.18,-0.603261669959454
2025.05.15,10756.34,0.234456974908626
2025.05.16,10763.74,0.0687966352867164
2025.05.19,10777.96,0.132110214479342
2025.05.20,10738.94,-0.362035116107307
2025.05.21,10747.8,0.0825034873087827
2025.05.22,10735.26,-0.116675040473391
2025.05.23,10714.86,-0.190028001184872
2025.05.26,10713.97,-0.00830622145321369
2025.05.27,10676.67,-0.3481435919645
2025.05.28,10659.28,-0.162878500506236
2025.05.29,10674.93,0.146820423143024
2025.05.30,10668.94,-0.056112780130646
2025.06.02,10694.12,0.236012199899904
2025.06.03,10651.62,-0.397414654034178
2025.06.04,10638.74,-0.120920573584127
2025.06.05,10574.53,-0.603548916507024
2025.06.09,10586.09,0.109319279438425
2025.06.10,10606.01,0.188171458961706
2025.06.11,10556.08,-0.470770817677901
2025.06.12,10485.76,-0.666156376230565
2025.06.13,10454.99,-0.293445587158203
2025.06.16,10311.03,-1.37695014533729
2025.06.17,10196.13,-1.11434066237807
2025.06.18,10121.61,-0.730865534276226
2025.06.19,10059.88,-0.609883210279805
2025.06.20,9956.77,-1.02496252440386
2025.06.23,10061.17,1.04853280732606
2025.06.24,10260.87,1.98485861982256
2025.06.25,10444.88,1.79331772062212
2025.06.26,10516.21,0.682918329363291
2025.06.27,10600.01,0.79686503027232
2025.06.30,10565.34,-0.327075163136636
2025.07.01,10567.74,0.0227157857674243
2025.07.02,10506.72,-0.577417688171744
2025.07.03,10429.69,-0.733149831726732
2025.07.04,10471.39,0.399820128882067
2025.07.07,10525.67,0.5183648016166
2025.07.08,10505.62,-0.190486686358204
2025.07.09,10399.87,-1.00660408429012
2025.07.10,10438.95,0.375773927943324
2025.07.11,10425.33,-0.130472892388611
2025.07.14,10417.48,-0.0752973766777632
2025.07.15,10409.55,-0.0761220563898379
2025.07.16,10381.73,-0.267254588334742
2025.07.17,10341.62,-0.38635179300559
2025.07.18,10346.6,0.0481549312390195
2025.07.21,10330.55,-0.155123422187009
2025.07.22,10313.36,-0.16639965926305
2025.07.23,10305.52,-0.076017902991854
2025.07.24,10370.38,0.629371443653493
2025.07.25,10497.89,1.22955957255182
2025.07.28,10538.2,0.383981923986632
2025.07.29,10552.63,0.1369304055721
2025.07.30,10496.58,-0.531147211642968
2025.07.31,10454.36,-0.402226248930593
2025.08.01,10458.68,0.0413224721551586
2025.08.04,10469.27,0.101255607782247
2025.08.05,10485.35,0.153592370814781
2025.08.06,10523.47,0.363554864644478
2025.08.07,10493.68,-0.283081531091922
2025.08.08,10518.39,0.235475066897406
2025.08.11,10506.2,-0.115892261077966
2025.08.12,10500.53,-0.0539681331023556
2025.08.13,10501.48,0.00904716238132597
2025.08.14,10492.88,-0.0818932188605848
2025.08.15,10484.16,-0.0831039714549231
2025.08.18,10480.78,-0.0322391111925002
2025.08.19,10481.41,0.00601100299786328
2025.08.20,10415.79,-0.626060806704432
2025.08.21,10393.66,-0.212465881128565
2025.08.22,10394.89,0.0118341373491093
2025.08.25,10398.49,0.0346324011124777
2025.08.26,10384.78,-0.131846066111518
2025.08.27,10383.03,-0.0168515847230322
2025.08.29,10456.7,0.709523135346801
2025.09.01,10446.15,-0.100892250901341
2025.09.02,10417.57,-0.273593620616208
2025.09.03,10429.95,0.118837694395157
2025.09.04,10420.6,-0.0896456838239912
2025.09.05,10435.77,0.14557703011342
2025.09.09,10446.21,0.100040533664481
2025.09.10,10441.73,-0.04288636740023
2025.09.11,10462.74,0.201211868148299
2025.09.12,10463.82,0.0103223438602029
2025.09.15,10435.39,-0.27169809878228
2025.09.16,10441.26,0.0562508923959815
2025.09.17,10463.88,0.21664052039696
2025.09.18,10441.42,-0.214643134286696
2025.09.19,10451.48,0.0963470485815021
2025.09.22,10467.19,0.150313639790745
2025.09.23,10458.1,-0.08684279161838
2025.09.24,10413.85,-0.423117009781893
2025.09.25,10409.02,-0.0463805412983631
2025.09.26,10408.43,-0.00566816088354294
2025.09.29,10397.06,-0.109238376969445
2025.09.30,10346.94,-0.48205935139356
2025.10.01,10286.26,-0.586453579512403
2025.10.02,10267.17,-0.185587375780893
2025.10.03,10257.1,-0.0980796071361367
2025.10.06,10318.14,0.595099979526359
2025.10.07,10315.47,-0.0258767568573459
2025.10.08,10318.46,0.0289855915435622
2025.10.09,10309.39,-0.087900713866218
2025.10.10,10308.32,-0.0103788875966404
2025.10.13,10361.05,0.511528551694163
2025.10.14,10344.97,-0.155196625824605
2025.10.15,10359.39,0.139391414378198
2025.10.16,10335.08,-0.234666326878319
2025.10.17,10381.32,0.44740824454188
2025.10.20,10376.96,-0.0419985127132261
2025.10.21,10368.67,-0.0798885222647039
2025.10.22,10355.3,-0.12894614256217
2025.10.24,10355.27,-0.000289706720213445
2025.10.27,10339.47,-0.152579314687118
2025.10.28,10303.17,-0.3510818252773
2025.10.29,10275.45,-0.269043410911396
2025.10.30,10264.63,-0.105299524595048
2025.10.31,10298.27,0.327727351107643
2025.11.03,10303.62,0.0519504732348297
2025.11.04,10307.76,0.0401800532240149
2025.11.05,10316.88,0.0884770308970939
2025.11.06,10293.22,-0.229332899093526
2025.11.07,10304.78,0.112306936021978
2025.11.10,10263.27,-0.40282276768645
2025.11.11,10292.75,0.287237888119485
2025.11.12,10279.51,-0.128634232833791
2025.11.13,10290.38,0.105744339953939
2025.11.14,10300.04,0.0938740843389851
2025.11.17,10275.76,-0.235727239894223
2025.11.18,10292.43,0.162226443591518
2025.11.19,10281.07,-0.110372380477697
2025.11.20,10270.06,-0.107090020785772
2025.11.21,10231.54,-0.375070836976599
2025.11.24,10178.24,-0.520938196986975
2025.11.25,10153.32,-0.244836042380614
2025.11.26,10151.16,-0.0212738296438975
2025.11.27,10192.39,0.406160478211359
2025.11.28,10194.4,0.019720595463868
2025.12.01,10235.76,0.405712940437897
2025.12.02,10244.28,0.0832375905648553
2025.12.03,10247.8,0.0343606383269357
2025.12.04,10244.22,-0.0349343273678193
2025.12.05,10255.62,0.111282264535517
2025.12.09,10239.85,-0.153769347928268
2025.12.10,10219.32,-0.200491218133081
2025.12.11,10223.91,0.0449149258463288
2025.12.12,10190.89,-0.322968414236824
2025.12.15,10148.6,-0.414978475874028
2025.12.16,10164.89,0.160514750803054
2025.12.17,10123.78,-0.404431331770427
2025.12.18,10091.56,-0.318260570656426
2025.12.19,10074.23,-0.171727661531018
